id,event_id,latitude,longitude,type,area,date_time,elevation,slope,state,fips,scc,fuel_1hr,fuel_10hr,fuel_100hr,fuel_1khr,fuel_10khr,fuel_gt10khr,shrub,grass,rot,duff,litter,moisture_1hr,moisture_10hr,moisture_100hr,moisture_1khr,moisture_live,moisture_duff,consumption_flaming,consumption_smoldering,consumption_residual,consumption_duff,min_wind,max_wind,min_wind_aloft,max_wind_aloft,min_humid,max_humid,min_temp,max_temp,min_temp_hour,max_temp_hour,sunrise_hour,sunset_hour,snow_month,rain_days,heat,pm25,pm10,co,co2,ch4,nox,nh3,so2,voc,canopy,event_url,fccs_number,sf_cffeps_hourly_area,sf_cffeps_hourly_heat,sf_event_guid,sf_server,sf_stream_name,timezone,veg
SF11C46837212282050750,SF11E314711,64.01,-146.103,WF,543.0832643,2019-05-17T00:00:00.000-09:00,0,10,Unknown,2240,2810001000,0.2,0.3,1.0,1.0,0.0,0.0,0.32,0.03,1.0,35.0,0.01,7,8,9,12,80,40,4.605659585,1.350640012,0,10.10175431,6,6,6,6,40,80,13,30,4,14,3,22,5,8,14656660328.0,30.408846,35.882444,333.715002,5148.15328,16.79306,6.719052,5.519194,3.170061,79.338357,0.56,http://tomcat-sf/smartfire/events/32faeae4-e280-4abe-afb8-1a51051e3f7c,88.0,[],[],32faeae4-e280-4abe-afb8-1a51051e3f7c,tomcat-sf,CWFIS-Hotspots,-9,Black spruce / sphagnum moss forest
SF11C46842312282050750,SF11E314711,63.953,-146.056,WF,135.0628591,2019-05-17T00:00:00.000-09:00,0,10,Unknown,2240,2810001000,0.2,0.3,1.0,1.0,0.0,0.0,0.32,0.03,1.0,35.0,0.01,7,8,9,12,80,40,7.540177621,1.108830205,0,9.920898437,6,6,6,6,40,80,13,30,4,14,3,22,5,8,2573915057.0,9.90475,11.687604,104.588667,1888.676032,5.368111,2.600497,1.739361,1.144795,25.00334,0.56,http://tomcat-sf/smartfire/events/32faeae4-e280-4abe-afb8-1a51051e3f7c,88.0,[],[],32faeae4-e280-4abe-afb8-1a51051e3f7c,tomcat-sf,CWFIS-Hotspots,-9,Black spruce / sphagnum moss forest
SF11C46880012282050980,SF11E317855,36.164,-83.395,WF,57.88196445,2019-05-18T00:00:00.000-04:00,0,10,TN,47063,2810001000,0.5,0.25,0.25,0.0,0.0,0.0,2.2,0.0,1.0,0.0,1.0,7,8,9,12,80,40,3.405777962,0.0,0,0.44608958,6,6,6,6,40,80,13,30,4,14,5,20,5,8,439968830.1,1.435128,1.693445,14.15413,325.209857,0.753045,0.477065,0.237824,0.193186,3.418677,0.0,http://tomcat-sf/smartfire/events/151fb844-6967-47ea-8e0e-5707e465479f,0.0,[],[],151fb844-6967-47ea-8e0e-5707e465479f,tomcat-sf,CWFIS-Hotspots,-5,Urban
SF11C46880112282050980,SF11E317785,34.966,-78.031,WF,216.4198348,2019-05-18T00:00:00.000-04:00,0,10,NC,37061,2810001000,0.5,0.25,0.25,0.0,0.0,0.0,2.2,0.0,1.0,0.0,1.0,7,8,9,12,80,40,1.824522389,0.059003876,0,0.606565846,6,6,6,6,40,80,13,30,4,14,5,19,5,8,1098201243.0,3.086976,3.642635,31.034242,669.192862,1.634382,0.967166,0.519918,0.399473,7.473754,0.0,http://tomcat-sf/smartfire/events/5d8da9df-24ef-4b67-bb72-e7e84b8302af,0.0,[],[],5d8da9df-24ef-4b67-bb72-e7e84b8302af,tomcat-sf,CWFIS-Hotspots,-5,Urban
SF11C46880212282050980,SF11E317768,34.921,-92.435,WF,353.1259447,2019-05-18T00:00:00.000-05:00,0,10,AR,5045,2810001000,0.5,0.25,0.25,0.0,0.0,0.0,2.2,0.0,1.0,0.0,1.0,7,8,9,12,80,40,0.019077256,0.257433304,0,4.093389362,6,6,6,6,40,80,13,30,4,14,5,19,5,8,134809904.4,1.560998,1.841973,19.584865,137.752775,0.922801,0.098846,0.318165,0.095692,4.573661,0.0,http://tomcat-sf/smartfire/events/5012c9fa-6c28-4274-825a-73a67d0a9538,0.0,[],[],5012c9fa-6c28-4274-825a-73a67d0a9538,tomcat-sf,CWFIS-Hotspots,-6,Urban
SF11C46880312282050980,SF11E317834,33.034,-84.956,WF,379.0794229,2019-05-18T00:00:00.000-04:00,0,10,GA,13285,2810001000,0.5,0.25,0.25,0.0,0.0,0.0,2.2,0.0,1.0,0.0,1.0,7,8,9,12,80,40,0.0067602,0.191396361,0,5.808420902,6,6,6,6,40,80,13,30,4,14,6,20,5,8,103718575.0,1.225369,1.44595,15.429067,105.301198,0.725754,0.072075,0.250547,0.073606,3.60153,0.0,http://tomcat-sf/smartfire/events/5ebe254a-7cf2-4933-8cf2-3e145bd0577d,0.0,[],[],5ebe254a-7cf2-4933-8cf2-3e145bd0577d,tomcat-sf,CWFIS-Hotspots,-5,Urban
SF11C46880412282050980,SF11E316757,58.313,-117.365,WF,21126.08181,2019-05-18T00:00:00.000-07:00,0,10,AB,CA01,2810001000,,,,,,,,,,,,7,8,9,12,80,40,4.742832151,3.186418307,0,14.58963406,6,6,6,6,40,80,13,30,4,14,4,21,5,8,1031310000000.0,1849.047089,2181.87556,21338.74026,259073.1462,1047.03444,303.601315,350.465498,164.163766,5037.941516,,http://tomcat-sf/smartfire/events/66310b34-f0da-41cf-8705-a40277e63f42,,[],[],66310b34-f0da-41cf-8705-a40277e63f42,tomcat-sf,CWFIS-Hotspots,-7,
SF11C46880512282050980,SF11E316757,58.28,-117.313,WF,2025.97254,2019-05-18T00:00:00.000-07:00,0,10,AB,CA01,2810001000,,,,,,,,,,,,7,8,9,12,80,40,8.131736807,3.01524241,0,15.06648108,6,6,6,6,40,80,13,30,4,14,4,21,5,8,144612000000.0,221.537157,261.413851,2466.462258,35688.31638,123.214882,45.415506,40.70947,22.131807,585.198633,,http://tomcat-sf/smartfire/events/66310b34-f0da-41cf-8705-a40277e63f42,,[],[],66310b34-f0da-41cf-8705-a40277e63f42,tomcat-sf,CWFIS-Hotspots,-7,
SF11C46880612282050980,SF11E316757,58.328,-117.371,WF,599.5246043,2019-05-18T00:00:00.000-07:00,0,10,AB,CA01,2810001000,,,,,,,,,,,,7,8,9,12,80,40,10.99356963,2.307999574,0,14.87894833,6,6,6,6,40,80,13,30,4,14,4,21,5,8,41204636602.0,70.995497,83.774683,763.970246,12800.61163,38.831618,17.20637,12.67046,7.815103,182.137898,,http://tomcat-sf/smartfire/events/66310b34-f0da-41cf-8705-a40277e63f42,,[],[],66310b34-f0da-41cf-8705-a40277e63f42,tomcat-sf,CWFIS-Hotspots,-7,
SF11C46880712282050980,SF11E316757,58.378,-117.469,WF,231.8985159,2019-05-18T00:00:00.000-07:00,0,10,AB,CA01,2810001000,,,,,,,,,,,,7,8,9,12,80,40,6.79120442,3.480632689,0,14.54020065,6,6,6,6,40,80,13,30,4,14,4,21,5,8,5105171873.0,24.889631,29.369762,282.674789,3722.492829,13.980992,4.544083,4.652762,2.334387,66.883551,,http://tomcat-sf/smartfire/events/66310b34-f0da-41cf-8705-a40277e63f42,,[],[],66310b34-f0da-41cf-8705-a40277e63f42,tomcat-sf,CWFIS-Hotspots,-7,
SF11C46880812282050980,SF11E317872,41.699,-99.573,WF,1.050197869,2019-05-18T00:00:00.000-05:00,0,10,NE,31041,2810001000,0.0,0.0,0.0,0.0,0.0,0.0,0.13,2.39,0.0,0.0,0.92,7,8,9,12,80,40,0.886446909,0.0,0,0.535717899,6,6,6,6,40,80,13,30,4,14,5,20,5,8,54446.06024,0.006781,0.008004,0.066841,1.53577,0.003552,0.002255,0.001118,0.000908,0.016144,0.64,http://tomcat-sf/smartfire/events/4cf41466-868d-42e1-b56d-5233c350a1d6,131.0,[],[],4cf41466-868d-42e1-b56d-5233c350a1d6,tomcat-sf,CWFIS-Hotspots,-6,Bluestem - Indian grass - Switchgrass grassland
SF11C46880912282050980,SF11E317774,30.521,-86.604,WF,7306.315534,2019-05-18T00:00:00.000-05:00,0,10,FL,12091,2810001000,0.1,0.5,1.0,0.8,0.0,0.0,2.1,0.12,0.2,1.25,0.08,7,8,9,12,80,40,8.977758505,0.256076421,0,1.866705314,6,6,6,6,40,80,13,30,4,14,5,19,5,8,554486000000.0,508.644259,600.200236,5102.796765,110817.2831,269.032846,160.436985,85.513981,66.115936,1229.263503,16.25,http://tomcat-sf/smartfire/events/6f27e3da-31d2-42c5-a30f-5e9da4b08072,184.0,[],[],6f27e3da-31d2-42c5-a30f-5e9da4b08072,tomcat-sf,CWFIS-Hotspots,-6,Longleaf pine / Turkey oak forest
SF11C46881012282050980,SF11E317776,42.556,-71.751,WF,37.11028612,2019-05-18T00:00:00.000-04:00,0,10,MA,25027,2810001000,0.5,0.25,0.25,0.0,0.0,0.0,2.2,0.0,1.0,0.0,1.0,7,8,9,12,80,40,0.0,0.0,0,3.952759622,6,6,6,6,40,80,13,30,4,14,4,19,5,8,0.0,0.0,0.0,0.0,0.0,0.0,0.0,0.0,0.0,0.0,0.0,http://tomcat-sf/smartfire/events/405dcaf2-ac08-4746-8cdb-a907c9dcfdf9,0.0,[],[],405dcaf2-ac08-4746-8cdb-a907c9dcfdf9,tomcat-sf,CWFIS-Hotspots,-5,Urban
SF11C46881112282050980,SF11E316757,58.341,-117.448,WF,152.0414699,2019-05-18T00:00:00.000-07:00,0,10,AB,CA01,2810001000,,,,,,,,,,,,7,8,9,12,80,40,4.104833672,3.386415562,0,14.67853303,6,6,6,6,40,80,13,30,4,14,4,21,5,8,1886295484.0,13.106889,15.466136,152.99637,1746.847975,7.464874,1.977834,2.50893,1.116204,36.065919,,http://tomcat-sf/smartfire/events/66310b34-f0da-41cf-8705-a40277e63f42,,[],[],66310b34-f0da-41cf-8705-a40277e63f42,tomcat-sf,CWFIS-Hotspots,-7,
SF11C46881212282050980,SF11E317850,57.095,-117.987,WF,611.2102178,2019-05-18T00:00:00.000-07:00,0,10,AB,CA01,2810001000,,,,,,,,,,,,7,8,9,12,80,40,13.12389389,1.015342326,0,12.68627147,6,6,6,6,40,80,13,30,4,14,4,21,5,8,49183043389.0,68.7177,81.086883,706.337237,14097.50002,36.765862,19.97538,11.793613,8.469191,169.53323,,http://tomcat-sf/smartfire/events/91c68e6c-c766-4925-8386-09dd09b3b122,,[],[],91c68e6c-c766-4925-8386-09dd09b3b122,tomcat-sf,CWFIS-Hotspots,-7,
SF11C46881312282050980,SF11E317850,57.099,-117.89,WF,777.4948418,2019-05-18T00:00:00.000-07:00,0,10,AB,CA01,2810001000,,,,,,,,,,,,7,8,9,12,80,40,11.94454972,1.343338696,0,12.94136107,6,6,6,6,40,80,13,30,4,14,4,21,5,8,64979997046.0,84.979005,100.275226,886.249656,16775.4182,45.782094,23.422402,14.765719,10.124606,212.25716,,http://tomcat-sf/smartfire/events/91c68e6c-c766-4925-8386-09dd09b3b122,,[],[],91c68e6c-c766-4925-8386-09dd09b3b122,tomcat-sf,CWFIS-Hotspots,-7,
SF11C46881412282050980,SF11E317850,57.045,-117.865,WF,1009.393358,2019-05-18T00:00:00.000-07:00,0,10,AB,CA01,2810001000,,,,,,,,,,,,7,8,9,12,80,40,10.52693384,1.583796047,0,12.93056075,6,6,6,6,40,80,13,30,4,14,4,21,5,8,80773696907.0,103.9449,122.654978,1098.845019,19756.45305,56.366235,27.166018,18.271325,11.979973,262.650307,,http://tomcat-sf/smartfire/events/91c68e6c-c766-4925-8386-09dd09b3b122,,[],[],91c68e6c-c766-4925-8386-09dd09b3b122,tomcat-sf,CWFIS-Hotspots,-7,
SF11C46881512282050980,SF11E316757,58.36,-117.519,WF,166.284624,2019-05-18T00:00:00.000-07:00,0,10,AB,CA01,2810001000,,,,,,,,,,,,7,8,9,12,80,40,10.53135777,2.651704553,0,14.53453531,6,6,6,6,40,80,13,30,4,14,4,21,5,8,4692176515.0,20.082406,23.697227,218.385867,3503.214629,11.040748,4.638267,3.616489,2.148299,51.987049,,http://tomcat-sf/smartfire/events/66310b34-f0da-41cf-8705-a40277e63f42,,[],[],66310b34-f0da-41cf-8705-a40277e63f42,tomcat-sf,CWFIS-Hotspots,-7,
SF11C46881612282050980,SF11E317859,26.995,-107.273,WF,38.53855522,2019-05-18T00:00:00.000-07:00,0,10,Unknown,-9999,2810001000,,,,,,,,,,,,7,8,9,12,80,40,0.0,0.0,0,11.04009258,6,6,6,6,40,80,13,30,4,14,6,20,5,8,0.0,0.0,0.0,0.0,0.0,0.0,0.0,0.0,0.0,0.0,,http://tomcat-sf/smartfire/events/131b20a8-0d73-4ef8-a2fd-d066a3a7c4a7,,[],[],131b20a8-0d73-4ef8-a2fd-d066a3a7c4a7,tomcat-sf,CWFIS-Hotspots,-6,
SF11C46881712282050980,SF11E316757,58.3,-117.316,WF,77.29950528,2019-05-18T00:00:00.000-07:00,0,10,AB,CA01,2810001000,,,,,,,,,,,,7,8,9,12,80,40,6.751031268,3.5957935,0,15.06154554,6,6,6,6,40,80,13,30,4,14,4,21,5,8,1379396391.0,8.421991,9.937945,95.872333,1248.10784,4.73631,1.515261,1.577534,0.783812,22.67708,,http://tomcat-sf/smartfire/events/66310b34-f0da-41cf-8705-a40277e63f42,,[],[],66310b34-f0da-41cf-8705-a40277e63f42,tomcat-sf,CWFIS-Hotspots,-7,
SF11C46881812282050980,SF11E316757,58.329,-117.256,WF,376.2673636,2019-05-18T00:00:00.000-07:00,0,10,AB,CA01,2810001000,,,,,,,,,,,,7,8,9,12,80,40,2.753679757,3.392480027,0,15.05921695,6,6,6,6,40,80,13,30,4,14,4,21,5,8,5553166597.0,28.773369,33.952582,342.607481,3487.525156,16.554278,3.666455,5.603485,2.266351,80.550147,,http://tomcat-sf/smartfire/events/66310b34-f0da-41cf-8705-a40277e63f42,,[],[],66310b34-f0da-41cf-8705-a40277e63f42,tomcat-sf,CWFIS-Hotspots,-7,
SF11C46881912282050980,SF11E317811,55.713,-114.403,WF,154.5990106,2019-05-18T00:00:00.000-07:00,0,10,AB,CA01,2810001000,,,,,,,,,,,,7,8,9,12,80,40,7.219933028,2.431549607,0,12.08724327,6,6,6,6,40,80,13,30,4,14,4,21,5,8,3009793639.0,14.378097,16.966148,159.129836,2365.061836,7.973378,3.042509,2.628655,1.462266,37.786914,,http://tomcat-sf/smartfire/events/09508199-1b9b-4f76-ae47-628cb5e8bc2a,,[],[],09508199-1b9b-4f76-ae47-628cb5e8bc2a,tomcat-sf,CWFIS-Hotspots,-7,
SF11C46882012282050980,SF11E317827,30.497,-86.684,WF,4343.027805,2019-05-18T00:00:00.000-05:00,0,10,FL,12091,2810001000,0.1,0.5,1.0,0.8,0.0,0.0,2.1,0.12,0.2,1.25,0.08,7,8,9,12,80,40,12.50606772,0.049019366,0,2.659147746,6,6,6,6,40,80,13,30,4,14,5,19,5,8,450476000000.0,398.946986,470.757454,3944.480483,89898.44212,209.580429,131.633282,66.250531,53.436389,952.351387,16.25,http://tomcat-sf/smartfire/events/6479fbff-8b73-484b-a972-d079ecd2569f,184.0,[],[],6479fbff-8b73-484b-a972-d079ecd2569f,tomcat-sf,CWFIS-Hotspots,-6,Longleaf pine / Turkey oak forest
SF11C46882112282050980,SF11E317779,41.606,-71.436,WF,37.11028612,2019-05-18T00:00:00.000-04:00,0,10,RI,44009,2810001000,0.5,0.25,0.25,0.0,0.0,0.0,2.2,0.0,1.0,0.0,1.0,7,8,9,12,80,40,7.09e-06,0.004205444,0,2.504114937,6,6,6,6,40,80,13,30,4,14,4,19,5,8,98532.19006,0.002595,0.003064,0.032803,0.217812,0.00154,0.000139,0.000531,0.000151,0.007656,0.0,http://tomcat-sf/smartfire/events/3c28945a-dd61-4ea7-9378-3cb273842755,0.0,[],[],3c28945a-dd61-4ea7-9378-3cb273842755,tomcat-sf,CWFIS-Hotspots,-5,Urban
SF11C46882212282050980,SF11E317779,41.603,-71.474,WF,37.11028612,2019-05-18T00:00:00.000-04:00,0,10,RI,44009,2810001000,0.5,0.25,0.25,0.0,0.0,0.0,2.2,0.0,1.0,0.0,1.0,7,8,9,12,80,40,0.000327952,0.028159686,0,2.474588267,6,6,6,6,40,80,13,30,4,14,4,19,5,8,677961.4275,0.01748,0.02062,0.220451,1.475878,0.010356,0.000975,0.003579,0.001035,0.05144,0.0,http://tomcat-sf/smartfire/events/3c28945a-dd61-4ea7-9378-3cb273842755,0.0,[],[],3c28945a-dd61-4ea7-9378-3cb273842755,tomcat-sf,CWFIS-Hotspots,-5,Urban
SF11C46882312282050980,SF11E317854,34.59,-88.218,WF,87.5865023,2019-05-18T00:00:00.000-05:00,0,10,MS,28141,2810001000,0.6,1.2,1.6,1.5,1.8,0.0,1.31,0.04,0.8,2.0,0.02,7,8,9,12,80,40,0.041244446,0.415189952,0,5.051161535,6,6,6,6,40,80,13,30,4,14,5,19,5,8,35306681.7,0.631118,0.744725,7.900383,56.618709,0.372654,0.041763,0.128382,0.03918,1.845503,19.35,http://tomcat-sf/smartfire/events/5db614b3-f7a2-416d-a99e-395ff945cc28,123.0,[],[],5db614b3-f7a2-416d-a99e-395ff945cc28,tomcat-sf,CWFIS-Hotspots,-6,White oak - Northern red oak - Black oak - Hickory forest
SF11C46882412282050980,SF11E317832,31.148,-87.982,WF,87.32457059,2019-05-18T00:00:00.000-05:00,0,10,AL,1097,2810001000,0.1,0.2,0.2,0.1,0.0,0.0,0.24,0.12,0.0,0.4,0.08,7,8,9,12,80,40,0.25112358,0.712586044,0,3.698323508,6,6,6,6,40,80,13,30,4,14,5,19,5,8,95313472.34,1.194589,1.409616,14.649497,122.862858,0.697825,0.109581,0.238681,0.08248,3.431051,4.65,http://tomcat-sf/smartfire/events/02494c9e-b9dd-456d-9158-b1a20845bcc4,185.0,[],[],02494c9e-b9dd-456d-9158-b1a20845bcc4,tomcat-sf,CWFIS-Hotspots,-6,Longleaf pine / Turkey oak forest with prescribed fire
SF11C46882512282050980,SF11E317840,30.154,-100.111,WF,215.693345,2019-05-18T00:00:00.000-05:00,0,10,TX,48137,2810001000,0.2,0.4,0.8,0.2,0.0,0.0,0.75,0.18,0.0,0.2,0.046,7,8,9,12,80,40,0.687102859,0.0,0,0.504516906,6,6,6,6,40,80,13,30,4,14,6,19,5,8,408727166.4,1.078923,1.273124,10.640987,244.490892,0.566144,0.358656,0.178789,0.14524,2.570134,2.26,http://tomcat-sf/smartfire/events/c683dd70-c090-446f-9804-c8572f2b2d2d,411.0,[],[],c683dd70-c090-446f-9804-c8572f2b2d2d,tomcat-sf,CWFIS-Hotspots,-6,Edwards Plateau limestone savanna and woodland
SF11C46882612282050980,SF11E317860,31.293,-98.582,WF,0.943942555,2019-05-18T00:00:00.000-05:00,0,10,TX,48333,2810001000,0.2,0.4,0.8,0.2,0.0,0.0,0.75,0.18,0.0,0.2,0.046,7,8,9,12,80,40,5.070967912,0.0,0,0.467568794,6,6,6,6,40,80,13,30,4,14,6,19,5,8,251612.9967,0.034851,0.041115,0.343687,7.896659,0.018282,0.011585,0.005775,0.004696,0.083007,2.26,http://tomcat-sf/smartfire/events/6118c097-e88a-4dd4-950d-2dd289de672e,411.0,[],[],6118c097-e88a-4dd4-950d-2dd289de672e,tomcat-sf,CWFIS-Hotspots,-6,Edwards Plateau limestone savanna and woodland
SF11C46882712282050980,SF11E317771,31.916,-100.71,WF,71.89778166,2019-05-18T00:00:00.000-05:00,0,10,TX,48081,2810001000,0.0,0.0,0.0,0.0,0.0,0.0,0.13,2.39,0.0,0.0,0.92,7,8,9,12,80,40,0.955349906,0.0,0,0.574643675,6,6,6,6,40,80,13,30,4,14,6,20,5,8,158119851.9,0.500048,0.590053,4.931756,113.313613,0.26239,0.166228,0.08286,0.067318,1.191178,0.64,http://tomcat-sf/smartfire/events/22c19aa6-23ac-42a2-94ed-b9b012bc0961,131.0,[],[],22c19aa6-23ac-42a2-94ed-b9b012bc0961,tomcat-sf,CWFIS-Hotspots,-6,Bluestem - Indian grass - Switchgrass grassland
SF11C46882812282050980,SF11E317875,31.642,-85.608,WF,174.6491412,2019-05-18T00:00:00.000-05:00,0,10,AL,1005,2810001000,1.2,0.84,0.25,0.5,0.0,0.0,2.0,0.09,1.0,1.0,0.02,7,8,9,12,80,40,0.134060763,0.74140119,0,5.834494838,6,6,6,6,40,80,13,30,4,14,5,19,5,8,160032023.5,2.324044,2.742372,28.888439,219.008071,1.367197,0.174229,0.469863,0.149843,6.754265,3.17,http://tomcat-sf/smartfire/events/e1fd9749-13a9-4bae-8aeb-82ff350d4f12,161.0,[],[],e1fd9749-13a9-4bae-8aeb-82ff350d4f12,tomcat-sf,CWFIS-Hotspots,-6,Loblolly pine - Slash pine forest
SF11C46882912282050980,SF11E317804,35.082,-80.612,WF,103.141786,2019-05-18T00:00:00.000-04:00,0,10,NC,37179,2810001000,0.5,0.25,0.25,0.0,0.0,0.0,2.2,0.0,1.0,0.0,1.0,7,8,9,12,80,40,0.05999346,0.542512971,0,6.050892893,6,6,6,6,40,80,13,30,4,14,5,19,5,8,56274937.85,0.975705,1.151329,12.201694,88.158744,0.575811,0.065775,0.198313,0.060907,2.850639,0.0,http://tomcat-sf/smartfire/events/1cd43bfa-9614-4d07-8baa-5e65218ca8a7,0.0,[],[],1cd43bfa-9614-4d07-8baa-5e65218ca8a7,tomcat-sf,CWFIS-Hotspots,-5,Urban
SF11C46883012282050980,SF11E317836,31.122,-86.505,WF,87.32457059,2019-05-18T00:00:00.000-05:00,0,10,AL,1039,2810001000,1.2,0.84,0.25,0.5,0.0,0.0,2.0,0.09,1.0,1.0,0.02,7,8,9,12,80,40,0.059054908,0.445624077,0,4.312950193,6,6,6,6,40,80,13,30,4,14,5,19,5,8,40590080.56,0.684759,0.808015,8.546847,62.717514,0.4037,0.047811,0.138935,0.043194,1.997254,3.17,http://tomcat-sf/smartfire/events/74f1f22d-2b05-4366-97b9-c208a02f8f9b,161.0,[],[],74f1f22d-2b05-4366-97b9-c208a02f8f9b,tomcat-sf,CWFIS-Hotspots,-6,Loblolly pine - Slash pine forest
SF11C46883112282050980,SF11E317803,37.233,-82.038,WF,40.42891139,2019-05-18T00:00:00.000-04:00,0,10,VA,51027,2810001000,1.0,1.0,2.0,3.0,2.0,0.5,0.34,0.43,2.8,2.0,0.07,7,8,9,12,80,40,0.001294682,0.066982005,0,3.600656656,6,6,6,6,40,80,13,30,4,14,5,20,5,8,1856100.254,0.04542,0.053607,0.572758,3.858832,0.026923,0.002592,0.009297,0.002702,0.133669,36.07,http://tomcat-sf/smartfire/events/5d973531-7df7-417d-a5e8-bc4b4b733b3a,269.0,[],[],5d973531-7df7-417d-a5e8-bc4b4b733b3a,tomcat-sf,CWFIS-Hotspots,-5,Sugar maple - Yellow poplar - American beech - Oak forest
SF11C46883212282050980,SF11E317847,30.356,-82.415,WF,559.6195564,2019-05-18T00:00:00.000-04:00,0,10,FL,12003,2810001000,0.2,0.2,0.5,1.0,1.0,1.0,0.58,0.01,5.0,1.0,0.0,7,8,9,12,80,40,6.385404,1.217320046,0,9.140658022,6,6,6,6,40,80,13,30,4,14,6,19,5,8,20976703833.0,37.344561,44.066579,399.710312,6844.030677,20.372769,9.26616,6.634334,4.169524,95.368456,11.18,http://tomcat-sf/smartfire/events/7ec06ad1-954f-4c00-bbf9-5e34f6203d5a,288.0,[],[],7ec06ad1-954f-4c00-bbf9-5e34f6203d5a,tomcat-sf,CWFIS-Hotspots,-5,Bald-cypress - Water tupelo forest
SF11C46883312282050980,SF11E317375,35.104,-79.243,WF,211.3517034,2019-05-18T00:00:00.000-04:00,0,10,NC,37093,2810001000,0.1,0.2,0.2,0.1,0.0,0.0,0.24,0.12,0.0,0.4,0.08,7,8,9,12,80,40,0.701542124,0.335906109,0,4.26752043,6,6,6,6,40,80,13,30,4,14,5,19,5,8,454878285.7,2.260198,2.667021,25.563204,343.504537,1.266967,0.423285,0.421007,0.214874,6.051944,4.65,http://tomcat-sf/smartfire/events/ac29d5e0-7b9c-4970-933d-38769e88ec74,185.0,[],[],ac29d5e0-7b9c-4970-933d-38769e88ec74,tomcat-sf,CWFIS-Hotspots,-5,Longleaf pine / Turkey oak forest with prescribed fire
SF11C46883412282050980,SF11E317786,32.22,-88.027,WF,72.34751345,2019-05-18T00:00:00.000-05:00,0,10,AL,1023,2810001000,0.5,0.25,0.25,0.0,0.0,0.0,2.2,0.0,1.0,0.0,1.0,7,8,9,12,80,40,3.775086603,0.0,0,0.44608958,6,6,6,6,40,80,13,30,4,14,5,19,5,8,629265323.6,1.988294,2.346192,19.609846,450.562124,1.04331,0.660945,0.329484,0.267656,4.736404,0.0,http://tomcat-sf/smartfire/events/c6a50f36-6691-4b87-b9f2-6822f953c5da,0.0,[],[],c6a50f36-6691-4b87-b9f2-6822f953c5da,tomcat-sf,CWFIS-Hotspots,-6,Urban
SF11C46883512282050980,SF11E317788,38.282,-88.204,WF,1.34919538,2019-05-18T00:00:00.000-05:00,0,10,IL,17191,2810001000,0.5,0.25,0.25,0.0,0.0,0.0,2.2,0.0,1.0,0.0,1.0,7,8,9,12,80,40,0.44608958,0.0,0,0.44608958,6,6,6,6,40,80,13,30,4,14,5,19,5,8,45221.27715,0.004382,0.005163,0.04321,0.992891,0.002298,0.001452,0.000724,0.000585,0.010446,0.0,http://tomcat-sf/smartfire/events/235c8892-ae3f-4571-a7ac-d8f1fd2f1af1,0.0,[],[],235c8892-ae3f-4571-a7ac-d8f1fd2f1af1,tomcat-sf,CWFIS-Hotspots,-6,Urban
SF11C46883612282050980,SF11E317308,30.663,-89.071,WF,175.1730046,2019-05-18T00:00:00.000-05:00,0,10,MS,28047,2810001000,0.1,0.2,1.5,1.5,1.5,0.0,1.9,0.01,1.0,1.0,0.0,7,8,9,12,80,40,0.297169168,0.66098218,0,4.43105687,6,6,6,6,40,80,13,30,4,14,5,19,5,8,218650245.0,2.304715,2.719567,28.066609,247.176027,1.341436,0.231107,0.457697,0.164489,6.579386,23.15,http://tomcat-sf/smartfire/events/1a4d501a-2348-4910-aeb1-494c292b53ab,283.0,[],[],1a4d501a-2348-4910-aeb1-494c292b53ab,tomcat-sf,CWFIS-Hotspots,-6,Willow oak - Laurel oak - Water oak forest
SF11C46883712282050980,SF11E317295,31.375,-90.37,WF,262.7595069,2019-05-18T00:00:00.000-05:00,0,10,MS,28085,2810001000,1.2,0.84,0.25,0.5,0.0,0.0,2.0,0.09,1.0,1.0,0.02,7,8,9,12,80,40,0.067291371,0.425576649,0,3.610991064,6,6,6,6,40,80,13,30,4,14,5,19,5,8,160378203.2,1.988583,2.346525,24.76602,184.948891,1.171023,0.14433,0.402721,0.126923,5.789011,3.17,http://tomcat-sf/smartfire/events/9a10ef42-589b-4f9d-aa88-fcc724e6e709,161.0,[],[],9a10ef42-589b-4f9d-aa88-fcc724e6e709,tomcat-sf,CWFIS-Hotspots,-6,Loblolly pine - Slash pine forest
SF11C46883812282050980,SF11E314039,30.676,-84.03,WF,562.6194157,2019-05-18T00:00:00.000-04:00,0,10,GA,13275,2810001000,0.1,0.2,0.2,0.1,0.0,0.0,0.24,0.12,0.0,0.4,0.08,7,8,9,12,80,40,0.877249614,1.72158501,0,8.169744051,6,6,6,6,40,80,13,30,4,14,6,19,5,8,4395097359.0,19.702814,23.249321,238.959222,2163.555472,11.44352,2.073889,3.898899,1.432905,56.046524,4.65,http://tomcat-sf/smartfire/events/dcf1a47d-74ab-4a75-9e0c-045eae8e242b,185.0,[],[],dcf1a47d-74ab-4a75-9e0c-045eae8e242b,tomcat-sf,CWFIS-Hotspots,-5,Longleaf pine / Turkey oak forest with prescribed fire
SF11C46883912282050980,SF11E317826,32.655,-81.581,WF,555.7103492,2019-05-18T00:00:00.000-04:00,0,10,GA,13251,2810001000,1.2,0.84,0.25,0.5,0.0,0.0,2.0,0.09,1.0,1.0,0.02,7,8,9,12,80,40,0.661338568,0.544499559,0,4.781952421,6,6,6,6,40,80,13,30,4,14,5,19,5,8,2510866170.0,7.708065,9.095522,89.966325,1027.808557,4.389803,1.164121,1.475356,0.65669,21.208123,3.17,http://tomcat-sf/smartfire/events/37001b30-e4fb-478b-a986-f28c862738e7,161.0,[],[],37001b30-e4fb-478b-a986-f28c862738e7,tomcat-sf,CWFIS-Hotspots,-5,Loblolly pine - Slash pine forest
SF11C46884012282050980,SF11E317866,31.889,-81.53,WF,3079.417374,2019-05-18T00:00:00.000-04:00,0,10,GA,13179,2810001000,1.2,0.84,0.25,0.5,0.0,0.0,2.0,0.09,1.0,1.0,0.02,7,8,9,12,80,40,0.686399865,1.321554446,0,7.566825173,6,6,6,6,40,80,13,30,4,14,5,19,5,8,27067708455.0,83.073516,98.026755,1006.870309,9156.273662,48.233256,8.810383,16.429616,6.059647,236.175793,3.17,http://tomcat-sf/smartfire/events/3d9b3e64-2104-4201-a29e-bc2a5435b457,161.0,[],[],3d9b3e64-2104-4201-a29e-bc2a5435b457,tomcat-sf,CWFIS-Hotspots,-5,Loblolly pine - Slash pine forest
SF11C46884112282050980,SF11E317823,32.217,-110.539,WF,249.7172849,2019-05-18T00:00:00.000-07:00,0,10,AZ,4019,2810001000,0.4,1.0,1.0,4.0,1.0,0.0,0.83,0.08,3.5,1.0,0.02,7,8,9,12,80,40,0.709759598,0.746394262,0,7.123314548,6,6,6,6,40,80,13,30,4,14,5,19,5,8,682145035.9,4.390287,5.180538,51.889423,552.043305,2.516324,0.598156,0.849506,0.35635,12.211642,2.83,http://tomcat-sf/smartfire/events/847c9326-8871-4671-b050-9fdc1cf44ad7,45.0,[],[],847c9326-8871-4671-b050-9fdc1cf44ad7,tomcat-sf,CWFIS-Hotspots,-7,Pine - Oak forest
SF11C46884212282050980,SF11E317842,30.255,-84.564,WF,2613.895547,2019-05-18T00:00:00.000-04:00,0,10,FL,12129,2810001000,0.08,0.35,0.4,1.0,0.0,0.0,4.86,0.16,0.0,0.4,0.04,7,8,9,12,80,40,1.443561632,0.665360953,0,6.769600242,6,6,6,6,40,80,13,30,4,14,6,19,5,8,34549386473.0,56.395824,66.547073,636.361231,8647.656689,31.576329,10.710589,10.483726,5.402241,150.703425,1.99,http://tomcat-sf/smartfire/events/3772870a-988d-44e0-b885-e9edf9b90a88,191.0,[],[],3772870a-988d-44e0-b885-e9edf9b90a88,tomcat-sf,CWFIS-Hotspots,-5,Longleaf pine - Slash pine / Gallberry forest
SF11C46884312282050980,SF11E317841,25.172,-101.253,WF,9.577804568,2019-05-18T00:00:00.000-06:00,0,10,Unknown,-9999,2810001000,,,,,,,,,,,,7,8,9,12,80,40,0.0,0.0,0,19.3688527,6,6,6,6,40,80,13,30,4,14,6,19,5,8,0.0,0.0,0.0,0.0,0.0,0.0,0.0,0.0,0.0,0.0,,http://tomcat-sf/smartfire/events/ff7cff1d-ab65-4c27-b3c6-8729738fc899,,[],[],ff7cff1d-ab65-4c27-b3c6-8729738fc899,tomcat-sf,CWFIS-Hotspots,-6,
SF11C46884412282050980,SF11E317813,25.486,-100.464,WF,4.788902284,2019-05-18T00:00:00.000-06:00,0,10,Unknown,-9999,2810001000,,,,,,,,,,,,7,8,9,12,80,40,0.0,0.0,0,24.45980543,6,6,6,6,40,80,13,30,4,14,6,19,5,8,0.0,0.0,0.0,0.0,0.0,0.0,0.0,0.0,0.0,0.0,,http://tomcat-sf/smartfire/events/dec00605-043f-4062-8500-9f88a15c3f43,,[],[],dec00605-043f-4062-8500-9f88a15c3f43,tomcat-sf,CWFIS-Hotspots,-6,
SF11C46884512282050980,SF11E316372,25.07,-106.58,WF,4.788902284,2019-05-18T00:00:00.000-07:00,0,10,Unknown,-9999,2810001000,,,,,,,,,,,,7,8,9,12,80,40,0.0,0.0,0,20.00707306,6,6,6,6,40,80,13,30,4,14,6,20,5,8,0.0,0.0,0.0,0.0,0.0,0.0,0.0,0.0,0.0,0.0,,http://tomcat-sf/smartfire/events/e032f538-d125-4dce-ad71-d8a80c05c9b8,,[],[],e032f538-d125-4dce-ad71-d8a80c05c9b8,tomcat-sf,CWFIS-Hotspots,-6,
SF11C46884612282050980,SF11E317770,54.575,-111.597,WF,468.9936579,2019-05-18T00:00:00.000-07:00,0,10,AB,CA01,2810001000,,,,,,,,,,,,7,8,9,12,80,40,1.636540489,1.172384484,0,5.140934089,6,6,6,6,40,80,13,30,4,14,4,20,5,8,4377587903.0,14.732531,17.384386,170.640783,2032.157322,8.357774,2.356662,2.801208,1.291016,40.267341,,http://tomcat-sf/smartfire/events/3c8277dd-6d80-4709-ae48-0c75ba7e43d0,,[],[],3c8277dd-6d80-4709-ae48-0c75ba7e43d0,tomcat-sf,CWFIS-Hotspots,-7,
SF11C46884712282050980,SF11E317876,31.879,-83.732,WF,3.983338742,2019-05-18T00:00:00.000-04:00,0,10,GA,13081,2810001000,0.5,0.25,0.25,0.0,0.0,0.0,2.2,0.0,1.0,0.0,1.0,7,8,9,12,80,40,2.765510048,0.0,0,0.533360315,6,6,6,6,40,80,13,30,4,14,6,19,5,8,2443649.717,0.080194,0.094626,0.790943,18.173025,0.042081,0.026659,0.013294,0.010804,0.191037,0.0,http://tomcat-sf/smartfire/events/4ff4fe89-3068-4752-84f9-e2dfe6c37e24,0.0,[],[],4ff4fe89-3068-4752-84f9-e2dfe6c37e24,tomcat-sf,CWFIS-Hotspots,-5,Urban
SF11C46884812282050980,SF11E317861,35.342,-90.493,WF,11.17410533,2019-05-18T00:00:00.000-05:00,0,10,AR,5035,2810001000,0.5,0.25,0.25,0.0,0.0,0.0,2.2,0.0,1.0,0.0,1.0,7,8,9,12,80,40,0.44608958,0.0,0,0.44608958,6,6,6,6,40,80,13,30,4,14,5,19,5,8,3101860.912,0.03629,0.042819,0.357892,8.223165,0.019047,0.012068,0.006009,0.004887,0.086444,0.0,http://tomcat-sf/smartfire/events/c9b9d4bd-c2d2-4bb6-b106-4ebf1664f017,0.0,[],[],c9b9d4bd-c2d2-4bb6-b106-4ebf1664f017,tomcat-sf,CWFIS-Hotspots,-6,Urban
SF11C46884912282050980,SF11E317818,57.3,-111.43,WF,81.5892547,2019-05-18T00:00:00.000-07:00,0,10,AB,CA01,2810001000,,,,,,,,,,,,7,8,9,12,80,40,0.0,0.0,0,11.25671369,6,6,6,6,40,80,13,30,4,14,4,21,5,8,0.0,0.0,0.0,0.0,0.0,0.0,0.0,0.0,0.0,0.0,,http://tomcat-sf/smartfire/events/20bd8134-6a47-42b5-aa3e-4d2e6599406c,,[],[],20bd8134-6a47-42b5-aa3e-4d2e6599406c,tomcat-sf,CWFIS-Hotspots,-7,
SF11C46885012282050980,SF11E317862,28.228,-81.078,WF,374.2485127,2019-05-18T00:00:00.000-04:00,0,10,FL,12097,2810001000,0.02,0.4,0.3,0.5,0.0,0.0,6.7,0.12,0.0,1.5,0.08,7,8,9,12,80,40,6.722849043,0.445783746,0,3.557814212,6,6,6,6,40,80,13,30,4,14,6,19,5,8,10129245454.0,21.09134,24.88778,215.704688,4383.076332,11.257473,6.240233,3.604306,2.62919,51.811985,2.52,http://tomcat-sf/smartfire/events/038cf046-79a6-47b5-b222-6787867aac68,291.0,[],[],038cf046-79a6-47b5-b222-6787867aac68,tomcat-sf,CWFIS-Hotspots,-5,Longleaf pine - Slash pine / Saw palmetto forest
SF11C46885112282050980,SF11E317231,33.419,-81.895,WF,370.1638607,2019-05-18T00:00:00.000-04:00,0,10,SC,45003,2810001000,0.5,0.25,0.25,0.0,0.0,0.0,2.2,0.0,1.0,0.0,1.0,7,8,9,12,80,40,0.006860679,0.133847127,0,5.767157615,6,6,6,6,40,80,13,30,4,14,5,19,5,8,72290301.55,0.842517,0.994175,10.592796,73.21019,0.498611,0.051133,0.172033,0.05104,2.473089,0.0,http://tomcat-sf/smartfire/events/1ee5a24d-e3f8-4d9f-ad1e-a4f14a80322f,0.0,[],[],1ee5a24d-e3f8-4d9f-ad1e-a4f14a80322f,tomcat-sf,CWFIS-Hotspots,-5,Urban
SF11C46885212282050980,SF11E317787,40.303,-79.869,WF,40.42891139,2019-05-18T00:00:00.000-04:00,0,10,PA,42003,2810001000,0.5,0.25,0.25,0.0,0.0,0.0,2.2,0.0,1.0,0.0,1.0,7,8,9,12,80,40,0.00116416,0.079922881,0,5.647940175,6,6,6,6,40,80,13,30,4,14,5,19,5,8,2187838.488,0.054085,0.063813,0.682316,4.578951,0.032065,0.003051,0.011073,0.003212,0.159235,0.0,http://tomcat-sf/smartfire/events/05f0936c-64c3-40b8-b357-55964f58b4ff,0.0,[],[],05f0936c-64c3-40b8-b357-55964f58b4ff,tomcat-sf,CWFIS-Hotspots,-5,Urban
SF11C46885312282050980,SF11E317867,34.676,-77.976,WF,106.7445825,2019-05-18T00:00:00.000-04:00,0,10,NC,37141,2810001000,0.5,0.25,0.25,0.0,0.0,0.0,2.2,0.0,1.0,0.0,1.0,7,8,9,12,80,40,1.626430137,0.360069216,0,3.309424099,6,6,6,6,40,80,13,30,4,14,5,19,5,8,440099830.6,1.903146,2.245717,20.54138,339.951333,1.042482,0.455038,0.340531,0.207804,4.89515,0.0,http://tomcat-sf/smartfire/events/2b0a1bd9-2f62-4a9c-b20c-b63dbf5e6d8e,0.0,[],[],2b0a1bd9-2f62-4a9c-b20c-b63dbf5e6d8e,tomcat-sf,CWFIS-Hotspots,-5,Urban
SF11C46885412282050980,SF11E317821,31.215,-83.78,WF,366.1706378,2019-05-18T00:00:00.000-04:00,0,10,GA,13071,2810001000,0.5,0.25,0.25,0.0,0.0,0.0,2.2,0.0,1.0,0.0,1.0,7,8,9,12,80,40,2.139094188,0.12786213,0,4.318202898,6,6,6,6,40,80,13,30,4,14,6,19,5,8,3094728403.0,6.480907,7.647476,66.076519,1357.385188,3.454101,1.938021,1.104614,0.813487,15.878888,0.0,http://tomcat-sf/smartfire/events/bf5c6455-03f6-4bb1-8fa2-df46df4c89d7,0.0,[],[],bf5c6455-03f6-4bb1-8fa2-df46df4c89d7,tomcat-sf,CWFIS-Hotspots,-5,Urban
SF11C46885512282050980,SF11E317877,32.166,-81.194,WF,379.0794229,2019-05-18T00:00:00.000-04:00,0,10,GA,13051,2810001000,0.1,0.2,0.2,0.1,0.0,0.0,0.24,0.12,0.0,0.4,0.08,7,8,9,12,80,40,0.17269122,0.953321407,0,7.342032269,6,6,6,6,40,80,13,30,4,14,5,19,5,8,711007295.4,6.487106,7.654784,80.634209,611.431426,3.816207,0.486555,1.311491,0.418317,18.85275,4.65,http://tomcat-sf/smartfire/events/3a57b5b7-69eb-4da1-bb4d-dea2f764cf3d,185.0,[],[],3a57b5b7-69eb-4da1-bb4d-dea2f764cf3d,tomcat-sf,CWFIS-Hotspots,-5,Longleaf pine / Turkey oak forest with prescribed fire
SF11C46885612282050980,SF11E317793,41.774,-70.75,WF,37.11028612,2019-05-18T00:00:00.000-04:00,0,10,MA,25023,2810001000,0.1,0.7,0.5,0.1,0.0,0.0,0.6,0.02,0.2,3.0,0.0,7,8,9,12,80,40,0.005680076,0.117792613,0,2.684031786,6,6,6,6,40,80,13,30,4,14,4,19,5,8,3114740.151,0.074241,0.087596,0.933631,6.437335,0.043948,0.004479,0.015157,0.004486,0.217968,2.64,http://tomcat-sf/smartfire/events/e3984fab-eeb3-4fab-be63-42b47d29248b,107.0,[],[],e3984fab-eeb3-4fab-be63-42b47d29248b,tomcat-sf,CWFIS-Hotspots,-5,Pitch pine / Scrub oak forest
SF11C46885712282050980,SF11E317830,32.755,-81.047,WF,182.3934238,2019-05-18T00:00:00.000-04:00,0,10,SC,45049,2810001000,1.2,0.84,0.25,0.5,0.0,0.0,2.0,0.09,1.0,1.0,0.02,7,8,9,12,80,40,1.614042526,1.938766561,0,7.820396431,6,6,6,6,40,80,13,30,4,14,5,19,5,8,1016362505.0,8.02453,9.468944,95.43942,978.273255,4.614072,1.033514,1.561189,0.63505,22.442065,3.17,http://tomcat-sf/smartfire/events/29b9fae2-1b47-4f74-a348-6e186f697bbe,161.0,[],[],29b9fae2-1b47-4f74-a348-6e186f697bbe,tomcat-sf,CWFIS-Hotspots,-5,Loblolly pine - Slash pine forest
SF11C46885812282050980,SF11E317858,30.111,-82.657,WF,194.2569532,2019-05-18T00:00:00.000-04:00,0,10,FL,12023,2810001000,0.5,0.25,0.25,0.0,0.0,0.0,2.2,0.0,1.0,0.0,1.0,7,8,9,12,80,40,0.271815625,1.314255877,0,9.254886694,6,6,6,6,40,80,13,30,4,14,6,19,5,8,343963952.6,4.630588,5.464105,57.435427,442.764832,2.721036,0.359588,0.934423,0.301941,13.43237,0.0,http://tomcat-sf/smartfire/events/d318eda3-a6e4-4021-9afa-e476d5f7927f,0.0,[],[],d318eda3-a6e4-4021-9afa-e476d5f7927f,tomcat-sf,CWFIS-Hotspots,-5,Urban
SF11C46885912282050980,SF11E315873,25.612,-104.167,WF,115.6156657,2019-05-18T00:00:00.000-06:00,0,10,Unknown,-9999,2810001000,,,,,,,,,,,,7,8,9,12,80,40,1.425115135,4.099496141,0,21.41684996,6,6,6,6,40,80,13,30,4,14,6,20,5,8,732515361.9,9.082481,10.717333,111.419775,932.085141,5.306492,0.829091,1.81526,0.625959,26.094373,,http://tomcat-sf/smartfire/events/d662b036-f47b-4583-994a-7eca2974d2d8,,[],[],d662b036-f47b-4583-994a-7eca2974d2d8,tomcat-sf,CWFIS-Hotspots,-6,
SF11C46886012282050980,SF11E317790,28.58,-100.599,WF,38.53855522,2019-05-18T00:00:00.000-06:00,0,10,Unknown,-9999,2810001000,,,,,,,,,,,,7,8,9,12,80,40,1.353347501,3.573176605,0,17.93378252,6,6,6,6,40,80,13,30,4,14,6,19,5,8,182394905.2,2.670014,3.150609,32.679452,277.87646,1.558115,0.251261,0.532574,0.186058,7.655749,,http://tomcat-sf/smartfire/events/80fb37bf-3c79-49cc-a787-2852914ba4e6,,[],[],80fb37bf-3c79-49cc-a787-2852914ba4e6,tomcat-sf,CWFIS-Hotspots,-6,
SF11C46886112282050980,SF11E317839,26.158,-102.744,WF,115.6156657,2019-05-18T00:00:00.000-06:00,0,10,Unknown,-9999,2810001000,,,,,,,,,,,,7,8,9,12,80,40,1.583810138,4.388466901,0,22.52063915,6,6,6,6,40,80,13,30,4,14,6,20,5,8,799476635.8,9.771729,11.530634,119.757142,1008.895323,5.706276,0.903824,1.951334,0.676679,28.050518,,http://tomcat-sf/smartfire/events/63983b06-5d17-4525-977a-0974780fa6d9,,[],[],63983b06-5d17-4525-977a-0974780fa6d9,tomcat-sf,CWFIS-Hotspots,-6,
SF11C46886212282050980,SF11E310481,30.501,-109.633,WF,77.07711044,2019-05-18T00:00:00.000-07:00,0,10,Unknown,-9999,2810001000,,,,,,,,,,,,7,8,9,12,80,40,1.756175835,4.622057591,0,23.16503042,6,6,6,6,40,80,13,30,4,14,5,19,5,8,557027642.0,6.910646,8.154562,84.575034,719.595324,4.032598,0.651044,1.378325,0.481779,19.813436,,http://tomcat-sf/smartfire/events/a9acca90-5dd2-4a30-aa79-a2bea6a260a3,,[],[],a9acca90-5dd2-4a30-aa79-a2bea6a260a3,tomcat-sf,CWFIS-Hotspots,-7,
SF11C46886312282050980,SF11E316421,25.439,-107.395,WF,316.0502534,2019-05-18T00:00:00.000-07:00,0,10,Unknown,-9999,2810001000,,,,,,,,,,,,7,8,9,12,80,40,4.837718749,3.518386659,0,14.41533571,6,6,6,6,40,80,13,30,4,14,5,19,5,8,6342029099.0,29.625388,34.957956,343.430019,4071.40758,16.813705,4.709756,5.637037,2.588123,81.032389,,http://tomcat-sf/smartfire/events/8eff77c1-fc74-4a9a-a953-0e7f1697150a,,[],[],8eff77c1-fc74-4a9a-a953-0e7f1697150a,tomcat-sf,CWFIS-Hotspots,-7,
SF11C46886412282050980,SF11E317878,25.369,-107.335,WF,666.3097757,2019-05-18T00:00:00.000-07:00,0,10,Unknown,-9999,2810001000,,,,,,,,,,,,7,8,9,12,80,40,3.516798315,1.783682686,0,8.193228189,6,6,6,6,40,80,13,30,4,14,5,19,5,8,16715870501.0,36.825937,43.454595,417.97175,5521.353074,20.679282,6.749867,6.880322,3.461128,98.904721,,http://tomcat-sf/smartfire/events/c940c382-ae19-4af7-9a17-d7805086f9b7,,[],[],c940c382-ae19-4af7-9a17-d7805086f9b7,tomcat-sf,CWFIS-Hotspots,-7,
SF11C46886512282050980,SF11E316092,26.062,-107.42,WF,491.9966978,2019-05-18T00:00:00.000-07:00,0,10,Unknown,-9999,2810001000,,,,,,,,,,,,7,8,9,12,80,40,3.650113469,3.933114232,0,16.5891124,6,6,6,6,40,80,13,30,4,14,5,19,5,8,11666255106.0,45.257979,53.404416,535.540536,5658.319854,25.955493,6.102982,8.766206,3.656299,126.014286,,http://tomcat-sf/smartfire/events/11628895-a82e-4255-a774-03f2e1f19233,,[],[],11628895-a82e-4255-a774-03f2e1f19233,tomcat-sf,CWFIS-Hotspots,-7,
SF11C46886612282050980,SF11E317772,25.244,-107.411,WF,81.99944963,2019-05-18T00:00:00.000-07:00,0,10,Unknown,-9999,2810001000,,,,,,,,,,,,7,8,9,12,80,40,7.465489181,5.407719316,0,21.74945436,6,6,6,6,40,80,13,30,4,14,5,19,5,8,1710022618.0,11.831685,13.961386,137.126889,1627.622041,6.714237,1.884076,2.250855,1.034481,32.356105,,http://tomcat-sf/smartfire/events/bc2b7b1f-1686-45e6-b7aa-b49a96b1eb78,,[],[],bc2b7b1f-1686-45e6-b7aa-b49a96b1eb78,tomcat-sf,CWFIS-Hotspots,-7,
SF11C46886712282050980,SF11E317884,26.667,-107.116,WF,152.0513541,2019-05-18T00:00:00.000-07:00,0,10,Unknown,-9999,2810001000,,,,,,,,,,,,7,8,9,12,80,40,3.844081053,2.162269796,0,9.240904016,6,6,6,6,40,80,13,30,4,14,6,20,5,8,1659558082.0,9.723348,11.473542,111.049357,1422.255804,5.477139,1.713009,1.826447,0.895012,26.255188,,http://tomcat-sf/smartfire/events/a8784257-1bb9-4b65-97f6-1e7c67f92ec2,,[],[],a8784257-1bb9-4b65-97f6-1e7c67f92ec2,tomcat-sf,CWFIS-Hotspots,-6,
SF11C46886812282050980,SF11E317783,53.346,-103.083,WF,116.8956715,2019-05-18T00:00:00.000-06:00,0,10,SK,CA11,2810001000,,,,,,,,,,,,7,8,9,12,80,40,1.503224388,0.211419499,0,1.592554076,6,6,6,6,40,80,13,30,4,14,5,21,5,8,439199988.3,1.690284,1.994538,17.809583,324.313763,0.915129,0.447675,0.296281,0.196431,4.258982,,http://tomcat-sf/smartfire/events/09d26da9-df23-4a22-be74-c414df1d2c3f,,[],[],09d26da9-df23-4a22-be74-c414df1d2c3f,tomcat-sf,CWFIS-Hotspots,-6,
SF11C46886912282050980,SF11E317865,54.511,-108.372,WF,163.2180463,2019-05-18T00:00:00.000-07:00,0,10,SK,CA11,2810001000,,,,,,,,,,,,7,8,9,12,80,40,1.513573631,1.148975968,0,4.782432711,6,6,6,6,40,80,13,30,4,14,5,21,5,8,745329874.7,4.917513,5.802668,57.142023,668.793639,2.794277,0.768122,0.937625,0.425878,13.478339,,http://tomcat-sf/smartfire/events/ce8851ce-694b-429a-b9d4-6e863a1d0a6a,,[],[],ce8851ce-694b-429a-b9d4-6e863a1d0a6a,tomcat-sf,CWFIS-Hotspots,-6,
SF11C46887012282050980,SF11E316310,40.911,-76.097,WF,40.42891139,2019-05-18T00:00:00.000-04:00,0,10,PA,42107,2810001000,0.4,0.5,1.0,1.0,2.0,0.0,1.76,0.1,1.5,1.0,0.01,7,8,9,12,80,40,0.00983925,0.180170822,0,3.669367834,6,6,6,6,40,80,13,30,4,14,5,19,5,8,5460939.44,0.124054,0.146366,1.559102,10.803561,0.073404,0.007569,0.025329,0.007524,0.36401,12.89,http://tomcat-sf/smartfire/events/722c9dac-5e86-4ede-bdc1-470e97508df0,454.0,[],[],722c9dac-5e86-4ede-bdc1-470e97508df0,tomcat-sf,CWFIS-Hotspots,-5,Ruderal forest - Northern and Central hardwood and conifer
SF11C46887112282050980,SF11E317798,51.441,-102.214,WF,41.51370401,2019-05-18T00:00:00.000-06:00,0,10,SK,CA11,2810001000,,,,,,,,,,,,7,8,9,12,80,40,1.561313531,0.0,0,0.980876936,6,6,6,6,40,80,13,30,4,14,5,21,5,8,130852575.3,0.471858,0.556789,4.653772,106.926621,0.247603,0.156852,0.078196,0.063517,1.124035,,http://tomcat-sf/smartfire/events/a16f0536-94ad-4f5e-b9fa-a980b6c737d4,,[],[],a16f0536-94ad-4f5e-b9fa-a980b6c737d4,tomcat-sf,CWFIS-Hotspots,-6,
SF11C46887212282050980,SF11E311052,31.365,-101.791,WF,287.5911266,2019-05-18T00:00:00.000-05:00,0,10,TX,48461,2810001000,0.0,0.0,0.0,0.0,0.0,0.0,0.49,0.4,0.0,0.0,0.1,7,8,9,12,80,40,0.949278627,0.0,0,0.830588687,6,6,6,6,40,80,13,30,4,14,6,20,5,8,888402433.5,1.987474,2.345208,19.60166,450.374152,1.042867,0.66066,0.329356,0.267542,4.734429,0.21,http://tomcat-sf/smartfire/events/b0b59b83-b785-4d42-87ef-28cebb6f157c,232.0,[],[],b0b59b83-b785-4d42-87ef-28cebb6f157c,tomcat-sf,CWFIS-Hotspots,-6,Mesquite savanna
SF11C46887312282050980,SF11E317874,31.961,-102.6,WF,71.89778166,2019-05-18T00:00:00.000-05:00,0,10,TX,48135,2810001000,0.0,0.0,0.0,0.0,0.0,0.0,0.49,0.4,0.0,0.0,0.1,7,8,9,12,80,40,1.103246445,0.0,0,1.099004133,6,6,6,6,40,80,13,30,4,14,6,20,5,8,182598099.2,0.577453,0.681402,5.695238,130.855498,0.303001,0.191952,0.095698,0.077734,1.375577,0.21,http://tomcat-sf/smartfire/events/d2253a87-5e97-4614-901f-4c18156060f2,232.0,[],[],d2253a87-5e97-4614-901f-4c18156060f2,tomcat-sf,CWFIS-Hotspots,-6,Mesquite savanna
SF11C46887412282050980,SF11E317853,32.922,-108.895,WF,229.7239885,2019-05-18T00:00:00.000-06:00,0,10,NM,35017,2810001000,0.0,0.0,0.0,0.0,0.0,0.0,0.34,0.11,0.0,0.0,0.09,7,8,9,12,80,40,0.536619101,0.412659525,0,1.679272998,6,6,6,6,40,80,13,30,4,14,5,19,5,8,423059967.8,2.474109,2.919444,28.769965,335.425932,1.406374,0.384402,0.472034,0.213715,6.78545,0.0,http://tomcat-sf/smartfire/events/e3d9b38e-28ef-4b5e-818f-b8d5ae74bf71,60.0,[],[],e3d9b38e-28ef-4b5e-818f-b8d5ae74bf71,tomcat-sf,CWFIS-Hotspots,-7,Sagebrush Shrubland - Sparse
SF11C46887512282050980,SF11E317801,55.645,-114.533,WF,149.4839292,2019-05-18T00:00:00.000-07:00,0,10,AB,CA01,2810001000,,,,,,,,,,,,7,8,9,12,80,40,1.905732044,2.723852533,0,11.24665437,6,6,6,6,40,80,13,30,4,14,4,21,5,8,983550275.5,8.84599,10.438263,106.009219,1037.184053,5.106206,1.059107,1.732359,0.678212,24.902693,,http://tomcat-sf/smartfire/events/011a76f9-fc90-4844-9ebe-cf6f29a4089d,,[],[],011a76f9-fc90-4844-9ebe-cf6f29a4089d,tomcat-sf,CWFIS-Hotspots,-7,
SF11C46887612282050980,SF11E311078,26.87,-101.43,WF,38.53855522,2019-05-18T00:00:00.000-06:00,0,10,Unknown,-9999,2810001000,,,,,,,,,,,,7,8,9,12,80,40,1.442692385,4.170898892,0,21.8427763,6,6,6,6,40,80,13,30,4,14,6,19,5,8,203098088.3,3.078197,3.632269,37.766737,315.645748,1.798568,0.280499,0.615285,0.212017,8.844776,,http://tomcat-sf/smartfire/events/10fa555c-d51b-4a63-a22e-14ccd8706100,,[],[],10fa555c-d51b-4a63-a22e-14ccd8706100,tomcat-sf,CWFIS-Hotspots,-6,
SF11C46887712282050980,SF11E316757,58.256,-117.394,WF,74.74196459,2019-05-18T00:00:00.000-07:00,0,10,AB,CA01,2810001000,,,,,,,,,,,,7,8,9,12,80,40,1.681019091,3.328522285,0,14.92874467,6,6,6,6,40,80,13,30,4,14,4,21,5,8,456119921.9,5.052395,5.961818,61.294834,553.842906,2.934919,0.52994,1.000052,0.366936,14.37579,,http://tomcat-sf/smartfire/events/66310b34-f0da-41cf-8705-a40277e63f42,,[],[],66310b34-f0da-41cf-8705-a40277e63f42,tomcat-sf,CWFIS-Hotspots,-7,
SF11C46887812282050980,SF11E317849,52.882,-105.448,WF,29.05959281,2019-05-18T00:00:00.000-07:00,0,10,SK,CA11,2810001000,,,,,,,,,,,,7,8,9,12,80,40,1.561313531,0.0,0,0.831377151,6,6,6,6,40,80,13,30,4,14,5,21,5,8,73424633.5,0.330299,0.389755,3.257641,74.848561,0.173316,0.109798,0.054735,0.044457,0.786829,,http://tomcat-sf/smartfire/events/cfefd2e8-3ed0-4114-b077-3cd1ef024e38,,[],[],cfefd2e8-3ed0-4114-b077-3cd1ef024e38,tomcat-sf,CWFIS-Hotspots,-6,
SF11C46887912282050980,SF11E317781,53.065,-105.076,WF,8.302740802,2019-05-18T00:00:00.000-07:00,0,10,SK,CA11,2810001000,,,,,,,,,,,,7,8,9,12,80,40,1.561313531,0.0,0,0.859570012,6,6,6,6,40,80,13,30,4,14,5,21,5,8,5993850.049,0.094371,0.111361,0.930752,21.385324,0.049516,0.031372,0.015637,0.012697,0.224812,,http://tomcat-sf/smartfire/events/8614c180-4a7e-4b7b-9672-d39946c97f93,,[],[],8614c180-4a7e-4b7b-9672-d39946c97f93,tomcat-sf,CWFIS-Hotspots,-6,
SF11C46888012282050980,SF11E317775,51.883,-101.854,WF,4.151370401,2019-05-18T00:00:00.000-06:00,0,10,SK,CA11,2810001000,,,,,,,,,,,,7,8,9,12,80,40,1.561313531,0.0,0,0.85039841,6,6,6,6,40,80,13,30,4,14,5,21,5,8,1498461.908,0.047185,0.055673,0.465375,10.692652,0.024758,0.01568,0.007823,0.006349,0.112407,,http://tomcat-sf/smartfire/events/3c958585-be98-4c8c-a9b6-040679ba279f,,[],[],3c958585-be98-4c8c-a9b6-040679ba279f,tomcat-sf,CWFIS-Hotspots,-6,
SF11C46888112282050980,SF11E317816,53.459,-106.82,WF,8.302740802,2019-05-18T00:00:00.000-07:00,0,10,SK,CA11,2810001000,,,,,,,,,,,,7,8,9,12,80,40,1.561313531,0.0,0,0.596038132,6,6,6,6,40,80,13,30,4,14,5,21,5,8,5993850.049,0.094371,0.111361,0.930752,21.385324,0.049516,0.031372,0.015637,0.012697,0.224812,,http://tomcat-sf/smartfire/events/97b14e2b-97ab-498f-823b-699b9e88bca7,,[],[],97b14e2b-97ab-498f-823b-699b9e88bca7,tomcat-sf,CWFIS-Hotspots,-6,
SF11C46888212282050980,SF11E317806,52.395,-104.366,WF,8.302740802,2019-05-18T00:00:00.000-06:00,0,10,SK,CA11,2810001000,,,,,,,,,,,,7,8,9,12,80,40,1.561313531,0.0,0,0.916241232,6,6,6,6,40,80,13,30,4,14,5,21,5,8,5993850.049,0.094371,0.111361,0.930752,21.385324,0.049516,0.031372,0.015637,0.012697,0.224812,,http://tomcat-sf/smartfire/events/9d3c304e-ec88-4775-814a-047c9b5fffce,,[],[],9d3c304e-ec88-4775-814a-047c9b5fffce,tomcat-sf,CWFIS-Hotspots,-6,
SF11C46888312282050980,SF11E317883,52.341,-105.395,WF,8.302740802,2019-05-18T00:00:00.000-07:00,0,10,SK,CA11,2810001000,,,,,,,,,,,,7,8,9,12,80,40,1.561313531,0.0,0,0.928613527,6,6,6,6,40,80,13,30,4,14,5,21,5,8,5993850.049,0.094371,0.111361,0.930752,21.385324,0.049516,0.031372,0.015637,0.012697,0.224812,,http://tomcat-sf/smartfire/events/a5348a7f-26ce-42bd-b447-d53de42c5581,,[],[],a5348a7f-26ce-42bd-b447-d53de42c5581,tomcat-sf,CWFIS-Hotspots,-6,
SF11C46888412282050980,SF11E317844,51.555,-104.21,WF,20.756852,2019-05-18T00:00:00.000-06:00,0,10,SK,CA11,2810001000,,,,,,,,,,,,7,8,9,12,80,40,1.561313531,0.0,0,0.963454461,6,6,6,6,40,80,13,30,4,14,5,21,5,8,37461562.81,0.235928,0.278394,2.326892,53.463311,0.123801,0.078425,0.039098,0.031761,0.562018,,http://tomcat-sf/smartfire/events/86fd5f58-21b1-4fd5-8d68-6ad66a45c998,,[],[],86fd5f58-21b1-4fd5-8d68-6ad66a45c998,tomcat-sf,CWFIS-Hotspots,-6,
SF11C46888512282050980,SF11E317864,51.027,-102.328,WF,8.302740802,2019-05-18T00:00:00.000-06:00,0,10,SK,CA11,2810001000,,,,,,,,,,,,7,8,9,12,80,40,1.561313531,0.0,0,0.992212518,6,6,6,6,40,80,13,30,4,14,5,21,5,8,5993850.049,0.094371,0.111361,0.930752,21.385324,0.049516,0.031372,0.015637,0.012697,0.224812,,http://tomcat-sf/smartfire/events/f7b8332e-2dd0-4101-96c9-27d159170174,,[],[],f7b8332e-2dd0-4101-96c9-27d159170174,tomcat-sf,CWFIS-Hotspots,-6,
SF11C46888612282050980,SF11E317807,51.628,-103.334,WF,16.6054816,2019-05-18T00:00:00.000-06:00,0,10,SK,CA11,2810001000,,,,,,,,,,,,7,8,9,12,80,40,1.561313531,0.0,0,0.996740328,6,6,6,6,40,80,13,30,4,14,5,21,5,8,23975400.2,0.188743,0.222723,1.861503,42.770649,0.099043,0.062746,0.031272,0.025411,0.449611,,http://tomcat-sf/smartfire/events/d9c79b4e-5f75-4425-90b3-c4a2c35aaf18,,[],[],d9c79b4e-5f75-4425-90b3-c4a2c35aaf18,tomcat-sf,CWFIS-Hotspots,-6,
SF11C46888712282050980,SF11E317812,51.34,-103.5,WF,4.151370401,2019-05-18T00:00:00.000-06:00,0,10,SK,CA11,2810001000,,,,,,,,,,,,7,8,9,12,80,40,1.561313531,0.0,0,0.924426976,6,6,6,6,40,80,13,30,4,14,5,21,5,8,1498461.908,0.047185,0.055673,0.465375,10.692652,0.024758,0.01568,0.007823,0.006349,0.112407,,http://tomcat-sf/smartfire/events/55ebb14a-d8ff-415b-a528-69f399b47e59,,[],[],55ebb14a-d8ff-415b-a528-69f399b47e59,tomcat-sf,CWFIS-Hotspots,-6,
SF11C46888812282050980,SF11E317824,51.622,-103.925,WF,16.6054816,2019-05-18T00:00:00.000-06:00,0,10,SK,CA11,2810001000,,,,,,,,,,,,7,8,9,12,80,40,1.561313531,0.0,0,0.993953383,6,6,6,6,40,80,13,30,4,14,5,21,5,8,23975400.2,0.188743,0.222723,1.861503,42.770649,0.099043,0.062746,0.031272,0.025411,0.449611,,http://tomcat-sf/smartfire/events/8d2c3251-a930-4c75-8c58-d3f388b8e067,,[],[],8d2c3251-a930-4c75-8c58-d3f388b8e067,tomcat-sf,CWFIS-Hotspots,-6,
SF11C46888912282050980,SF11E317218,50.989,-102.844,WF,8.302740802,2019-05-18T00:00:00.000-06:00,0,10,SK,CA11,2810001000,,,,,,,,,,,,7,8,9,12,80,40,1.561313531,0.0,0,0.980821621,6,6,6,6,40,80,13,30,4,14,5,21,5,8,5993850.049,0.094371,0.111361,0.930752,21.385324,0.049516,0.031372,0.015637,0.012697,0.224812,,http://tomcat-sf/smartfire/events/98ab1d85-eac9-4361-8b92-090425ea10d2,,[],[],98ab1d85-eac9-4361-8b92-090425ea10d2,tomcat-sf,CWFIS-Hotspots,-6,
SF11C46889012282050980,SF11E317800,50.929,-104.383,WF,4.151370401,2019-05-18T00:00:00.000-06:00,0,10,SK,CA11,2810001000,,,,,,,,,,,,7,8,9,12,80,40,1.561313531,0.0,0,1.059172795,6,6,6,6,40,80,13,30,4,14,5,21,5,8,1498461.908,0.047185,0.055673,0.465375,10.692652,0.024758,0.01568,0.007823,0.006349,0.112407,,http://tomcat-sf/smartfire/events/15d452a3-3a06-462c-85b8-8103b592dfe6,,[],[],15d452a3-3a06-462c-85b8-8103b592dfe6,tomcat-sf,CWFIS-Hotspots,-6,
SF11C46889112282050980,SF11E317794,51.241,-103.969,WF,8.302740802,2019-05-18T00:00:00.000-06:00,0,10,SK,CA11,2810001000,,,,,,,,,,,,7,8,9,12,80,40,1.561313531,0.0,0,0.951546992,6,6,6,6,40,80,13,30,4,14,5,21,5,8,5993850.049,0.094371,0.111361,0.930752,21.385324,0.049516,0.031372,0.015637,0.012697,0.224812,,http://tomcat-sf/smartfire/events/e4dd6251-c707-435a-9cc6-3ef310d3dcd8,,[],[],e4dd6251-c707-435a-9cc6-3ef310d3dcd8,tomcat-sf,CWFIS-Hotspots,-6,
SF11C46889212282050980,SF11E317805,51.381,-103.852,WF,4.151370401,2019-05-18T00:00:00.000-06:00,0,10,SK,CA11,2810001000,,,,,,,,,,,,7,8,9,12,80,40,1.561313531,0.0,0,0.946847438,6,6,6,6,40,80,13,30,4,14,5,21,5,8,1498461.908,0.047185,0.055673,0.465375,10.692652,0.024758,0.01568,0.007823,0.006349,0.112407,,http://tomcat-sf/smartfire/events/506b273b-81a0-461c-8b6e-25adb3c97835,,[],[],506b273b-81a0-461c-8b6e-25adb3c97835,tomcat-sf,CWFIS-Hotspots,-6,
SF11C46889312282050980,SF11E317851,51.898,-103.585,WF,4.151370401,2019-05-18T00:00:00.000-06:00,0,10,SK,CA11,2810001000,,,,,,,,,,,,7,8,9,12,80,40,1.561313531,0.0,0,0.984042388,6,6,6,6,40,80,13,30,4,14,5,21,5,8,1498461.908,0.047185,0.055673,0.465375,10.692652,0.024758,0.01568,0.007823,0.006349,0.112407,,http://tomcat-sf/smartfire/events/f891e52d-b4eb-4c57-8927-c560369791f7,,[],[],f891e52d-b4eb-4c57-8927-c560369791f7,tomcat-sf,CWFIS-Hotspots,-6,
SF11C46889412282050980,SF11E317302,52.08,-103.61,WF,12.4541112,2019-05-18T00:00:00.000-06:00,0,10,SK,CA11,2810001000,,,,,,,,,,,,7,8,9,12,80,40,1.561313531,0.0,0,0.92891315,6,6,6,6,40,80,13,30,4,14,5,21,5,8,13486157.17,0.141557,0.167033,1.396125,32.077957,0.074273,0.047052,0.023461,0.01906,0.337205,,http://tomcat-sf/smartfire/events/a1b4f47a-6096-4741-b021-eb70e5e62876,,[],[],a1b4f47a-6096-4741-b021-eb70e5e62876,tomcat-sf,CWFIS-Hotspots,-6,
SF11C46889512282050980,SF11E317852,52.168,-103.858,WF,8.302740802,2019-05-18T00:00:00.000-06:00,0,10,SK,CA11,2810001000,,,,,,,,,,,,7,8,9,12,80,40,1.561313531,0.0,0,0.930353276,6,6,6,6,40,80,13,30,4,14,5,21,5,8,5993850.049,0.094371,0.111361,0.930752,21.385324,0.049516,0.031372,0.015637,0.012697,0.224812,,http://tomcat-sf/smartfire/events/2bf29483-b515-49cf-b2b0-43c78cd202cd,,[],[],2bf29483-b515-49cf-b2b0-43c78cd202cd,tomcat-sf,CWFIS-Hotspots,-6,
SF11C46889612282050980,SF11E317863,51.338,-106.081,WF,12.4541112,2019-05-18T00:00:00.000-07:00,0,10,SK,CA11,2810001000,,,,,,,,,,,,7,8,9,12,80,40,1.561313531,0.0,0,1.038019227,6,6,6,6,40,80,13,30,4,14,5,21,5,8,13486157.17,0.141557,0.167033,1.396125,32.077957,0.074273,0.047052,0.023461,0.01906,0.337205,,http://tomcat-sf/smartfire/events/f342ef02-9247-4825-a2b6-e94c96095987,,[],[],f342ef02-9247-4825-a2b6-e94c96095987,tomcat-sf,CWFIS-Hotspots,-6,
SF11C46889712282050980,SF11E317819,51.533,-102.504,WF,4.151370401,2019-05-18T00:00:00.000-06:00,0,10,SK,CA11,2810001000,,,,,,,,,,,,7,8,9,12,80,40,1.561313531,0.0,0,0.993588705,6,6,6,6,40,80,13,30,4,14,5,21,5,8,1498461.908,0.047185,0.055673,0.465375,10.692652,0.024758,0.01568,0.007823,0.006349,0.112407,,http://tomcat-sf/smartfire/events/01a9374a-ca09-4420-b868-e519091f255a,,[],[],01a9374a-ca09-4420-b868-e519091f255a,tomcat-sf,CWFIS-Hotspots,-6,
SF11C46889812282050980,SF11E317879,51.29,-100.066,WF,7.264898201,2019-05-18T00:00:00.000-06:00,0,10,MB,CA03,2810001000,,,,,,,,,,,,7,8,9,12,80,40,1.561313531,0.0,0,0.73606119,6,6,6,6,40,80,13,30,4,14,5,20,5,8,4589041.444,0.082579,0.097432,0.814411,18.712155,0.043331,0.027444,0.013683,0.01111,0.196701,,http://tomcat-sf/smartfire/events/4e96d58b-ef6e-4fe8-840e-9ad6d8df68c5,,[],[],4e96d58b-ef6e-4fe8-840e-9ad6d8df68c5,tomcat-sf,CWFIS-Hotspots,-6,
SF11C46889912282050980,SF11E317873,43.176,-73.736,WF,37.11028612,2019-05-18T00:00:00.000-04:00,0,10,NY,36091,2810001000,0.5,0.25,0.25,0.0,0.0,0.0,2.2,0.0,1.0,0.0,1.0,7,8,9,12,80,40,0.44608958,0.0,0,0.44608958,6,6,6,6,40,80,13,30,4,14,4,19,5,8,31791631.73,0.120517,0.142216,1.188608,27.309947,0.063246,0.040056,0.019972,0.016216,0.287093,0.0,http://tomcat-sf/smartfire/events/0a9bfd0b-2c58-4067-b314-921c4c9a4df7,0.0,[],[],0a9bfd0b-2c58-4067-b314-921c4c9a4df7,tomcat-sf,CWFIS-Hotspots,-5,Urban
SF11C46890012282050980,SF11E317792,34.444,-81.898,WF,398.0472319,2019-05-18T00:00:00.000-04:00,0,10,SC,45059,2810001000,0.4,0.7,1.4,1.8,1.8,0.0,0.6,0.19,1.2,2.0,0.06,7,8,9,12,80,40,10.6069173,0.0,0,0.481819125,6,6,6,6,40,80,13,30,4,14,5,19,5,8,17579335095.0,30.736522,36.269092,303.14317,6965.115441,16.128227,10.217357,5.093481,4.137613,73.218791,12.15,http://tomcat-sf/smartfire/events/7cd4e7c3-fb97-4357-ad16-c9d90ec83ffc,180.0,[],[],7cd4e7c3-fb97-4357-ad16-c9d90ec83ffc,tomcat-sf,CWFIS-Hotspots,-5,Red maple - Oak - Hickory - Sweetgum forest
SF11C46890112282050980,SF11E315201,35.086,-79.096,WF,432.8396696,2019-05-18T00:00:00.000-04:00,0,10,NC,37051,2810001000,0.1,0.2,0.2,0.1,0.0,0.0,0.24,0.12,0.0,0.4,0.08,7,8,9,12,80,40,5.31466665,0.0,0,0.575561505,6,6,6,6,40,80,13,30,4,14,5,19,5,8,10240669143.0,16.746869,19.761301,165.168293,3794.960156,8.78751,5.566951,2.77519,2.254384,39.893434,4.65,http://tomcat-sf/smartfire/events/56ad1e94-f7f2-4445-941c-4783efaec15e,185.0,[],[],56ad1e94-f7f2-4445-941c-4783efaec15e,tomcat-sf,CWFIS-Hotspots,-5,Longleaf pine / Turkey oak forest with prescribed fire
SF11C46890212282050980,SF11E312065,30.94,-88.019,WF,72.34751345,2019-05-18T00:00:00.000-05:00,0,10,AL,1097,2810001000,0.5,0.25,0.25,0.0,0.0,0.0,2.2,0.0,1.0,0.0,1.0,7,8,9,12,80,40,2.500657743,0.0,0,0.44608958,6,6,6,6,40,80,13,30,4,14,5,19,5,8,416840370.6,1.317076,1.554141,12.989787,298.457471,0.691101,0.437818,0.218256,0.177301,3.137452,0.0,http://tomcat-sf/smartfire/events/e5e2336c-b7ca-49fa-bc90-8560cfc2c77c,0.0,[],[],e5e2336c-b7ca-49fa-bc90-8560cfc2c77c,tomcat-sf,CWFIS-Hotspots,-6,Urban
SF11C46890312282050980,SF11E317307,34.637,-87.091,WF,72.34751345,2019-05-18T00:00:00.000-05:00,0,10,AL,1103,2810001000,0.5,0.25,0.25,0.0,0.0,0.0,2.2,0.0,1.0,0.0,1.0,7,8,9,12,80,40,8.32773411,0.0,0,0.44608958,6,6,6,6,40,80,13,30,4,14,5,19,5,8,1387996258.0,4.386123,5.175629,43.258804,993.928157,2.301514,1.458023,0.726848,0.59044,10.448382,0.0,http://tomcat-sf/smartfire/events/12f3e34e-098e-436f-8a21-0e923f77adea,0.0,[],[],12f3e34e-098e-436f-8a21-0e923f77adea,tomcat-sf,CWFIS-Hotspots,-6,Urban
SF11C46890412282050980,SF11E317833,31.661,-100.643,WF,71.89778166,2019-05-18T00:00:00.000-05:00,0,10,TX,48451,2810001000,0.2,0.4,0.8,0.2,0.0,0.0,0.75,0.18,0.0,0.2,0.046,7,8,9,12,80,40,0.949278627,0.0,0,0.504656681,6,6,6,6,40,80,13,30,4,14,6,20,5,8,157115041.4,0.496873,0.586309,4.900411,112.593538,0.260713,0.165172,0.082332,0.066882,1.183611,2.26,http://tomcat-sf/smartfire/events/87fabbb8-500f-4a5b-b71b-2725134cf6e1,411.0,[],[],87fabbb8-500f-4a5b-b71b-2725134cf6e1,tomcat-sf,CWFIS-Hotspots,-6,Edwards Plateau limestone savanna and woodland
SF11C46890512282050980,SF11E311028,32.21,-101.93,WF,143.7955633,2019-05-18T00:00:00.000-05:00,0,10,TX,48317,2810001000,0.0,0.0,0.0,0.0,0.0,0.0,0.49,0.4,0.0,0.0,0.1,7,8,9,12,80,40,0.949278627,0.0,0,0.879512447,6,6,6,6,40,80,13,30,4,14,6,20,5,8,335819813.3,0.993727,1.172606,9.800835,225.187078,0.521441,0.33033,0.164678,0.133778,2.367223,0.21,http://tomcat-sf/smartfire/events/2b85342c-f987-45f7-9536-cfa3c820abf6,232.0,[],[],2b85342c-f987-45f7-9536-cfa3c820abf6,tomcat-sf,CWFIS-Hotspots,-6,Mesquite savanna
SF11C46890612282050980,SF11E316341,32.449,-100.426,WF,71.89778166,2019-05-18T00:00:00.000-05:00,0,10,TX,48353,2810001000,0.0,0.0,0.0,0.0,0.0,0.0,0.49,0.4,0.0,0.0,0.1,7,8,9,12,80,40,0.340284821,0.105804759,0,0.584792213,6,6,6,6,40,80,13,30,4,14,6,20,5,8,60621513.41,0.304626,0.359461,3.355052,50.958391,0.168526,0.066118,0.055456,0.031435,0.79724,0.21,http://tomcat-sf/smartfire/events/60e7a280-3187-428b-a425-94da2d40c9d6,232.0,[],[],60e7a280-3187-428b-a425-94da2d40c9d6,tomcat-sf,CWFIS-Hotspots,-6,Mesquite savanna
SF11C46890712282050980,SF11E317780,28.691,-82.175,WF,561.9571733,2019-05-18T00:00:00.000-04:00,0,10,FL,12119,2810001000,0.5,0.25,0.25,0.0,0.0,0.0,2.2,0.0,1.0,0.0,1.0,7,8,9,12,80,40,10.74007311,0.609015322,0,3.042095997,6,6,6,6,40,80,13,30,4,14,6,19,5,8,34428456745.0,49.630206,58.563651,505.256779,10433.44838,26.43264,14.916546,8.448397,6.250135,121.445702,0.0,http://tomcat-sf/smartfire/events/996fb118-5ca7-4e70-ad99-b9ebc2bd1824,0.0,[],[],996fb118-5ca7-4e70-ad99-b9ebc2bd1824,tomcat-sf,CWFIS-Hotspots,-5,Urban
SF11C46890812282050980,SF11E317791,30.123,-83.098,WF,375.4173211,2019-05-18T00:00:00.000-04:00,0,10,FL,12121,2810001000,0.5,0.25,0.25,0.0,0.0,0.0,2.2,0.0,1.0,0.0,1.0,7,8,9,12,80,40,8.760976311,0.0,0,0.66340435,6,6,6,6,40,80,13,30,4,14,6,19,5,8,13073004410.0,23.944032,28.253959,236.151313,5425.888975,12.564045,7.959422,3.96787,3.223238,57.038109,0.0,http://tomcat-sf/smartfire/events/89652c72-b552-4eea-a08c-7082816424f7,0.0,[],[],89652c72-b552-4eea-a08c-7082816424f7,tomcat-sf,CWFIS-Hotspots,-5,Urban
SF11C46890912282050980,SF11E317796,29.66,-82.679,WF,187.7086606,2019-05-18T00:00:00.000-04:00,0,10,FL,12041,2810001000,0.6,1.2,1.6,1.5,1.8,0.0,0.4,0.06,0.8,1.0,0.024,7,8,9,12,80,40,7.047546233,0.0,0,0.651951,6,6,6,6,40,80,13,30,4,14,6,19,5,8,3474391171.0,9.630588,11.364094,94.982981,2182.359716,5.053416,3.201376,1.595921,1.296426,22.941431,18.2,http://tomcat-sf/smartfire/events/37f968be-a972-4bc5-b41c-8ffe8bbee703,407.0,[],[],37f968be-a972-4bc5-b41c-8ffe8bbee703,tomcat-sf,CWFIS-Hotspots,-5,Southern Coastal Plain dry upland hardwood forest
SF11C46891012282050980,SF11E317846,31.101,-89.142,WF,114.2022229,2019-05-18T00:00:00.000-05:00,0,10,MS,28035,2810001000,0.1,0.2,0.2,0.1,0.0,0.0,0.24,0.12,0.0,0.4,0.08,7,8,9,12,80,40,7.673231478,0.0,0,0.44608958,6,6,6,6,40,80,13,30,4,14,5,19,5,8,2118020441.0,6.379438,7.52774,62.918085,1445.626388,3.347453,2.120639,1.057165,0.858771,15.196736,4.65,http://tomcat-sf/smartfire/events/c11a0856-a372-4238-bedb-e0dadd21288f,185.0,[],[],c11a0856-a372-4238-bedb-e0dadd21288f,tomcat-sf,CWFIS-Hotspots,-6,Longleaf pine / Turkey oak forest with prescribed fire
SF11C46891112282050980,SF11E317871,42.681,-111.594,WF,58.64057797,2019-05-18T00:00:00.000-06:00,0,10,ID,16029,2810001000,0.5,0.25,0.25,0.0,0.0,0.0,2.2,0.0,1.0,0.0,1.0,7,8,9,12,80,40,1.741433351,0.0,0,0.62381836,6,6,6,6,40,80,13,30,4,14,5,20,5,8,228773303.3,0.74342,0.877238,7.332107,168.464953,0.390093,0.247129,0.123192,0.100083,1.770938,0.0,http://tomcat-sf/smartfire/events/0a22b3e1-9321-49db-b693-53c2a7462701,0.0,[],[],0a22b3e1-9321-49db-b693-53c2a7462701,tomcat-sf,CWFIS-Hotspots,-7,Urban
SF11C46891212282050980,SF11E317869,41.75,-71.114,WF,37.11028612,2019-05-18T00:00:00.000-04:00,0,10,MA,25005,2810001000,0.5,0.25,0.25,0.0,0.0,0.0,2.2,0.0,1.0,0.0,1.0,7,8,9,12,80,40,0.671213148,0.0,0,0.44608958,6,6,6,6,40,80,13,30,4,14,4,19,5,8,47835541.06,0.181339,0.213977,1.788456,41.092145,0.095145,0.060285,0.030046,0.02441,0.431974,0.0,http://tomcat-sf/smartfire/events/769cc2c8-e519-492a-82e0-66e0ef94b020,0.0,[],[],769cc2c8-e519-492a-82e0-66e0ef94b020,tomcat-sf,CWFIS-Hotspots,-5,Urban
SF11C46891312282050980,SF11E316447,40.757,-81.432,WF,100.5372953,2019-05-18T00:00:00.000-04:00,0,10,OH,39151,2810001000,0.5,0.25,0.25,0.0,0.0,0.0,2.2,0.0,1.0,0.0,1.0,7,8,9,12,80,40,1.82479188,0.0,0,0.44608958,6,6,6,6,40,80,13,30,4,14,5,20,5,8,440419248.2,1.335581,1.575993,13.172379,302.652784,0.70081,0.44397,0.221329,0.179788,3.181551,0.0,http://tomcat-sf/smartfire/events/fa420a8e-30f2-412f-990b-69874dbba91d,0.0,[],[],fa420a8e-30f2-412f-990b-69874dbba91d,tomcat-sf,CWFIS-Hotspots,-5,Urban
SF11C46891412282050980,SF11E317777,27.478,-107.423,WF,210.1557134,2019-05-18T00:00:00.000-07:00,0,10,Unknown,-9999,2810001000,,,,,,,,,,,,7,8,9,12,80,40,0.0,0.0,0,0.909082982,6,6,6,6,40,80,13,30,4,14,6,20,5,8,0.0,0.0,0.0,0.0,0.0,0.0,0.0,0.0,0.0,0.0,,http://tomcat-sf/smartfire/events/7af1960d-add8-4188-a5aa-1b7b8db4f146,,[],[],7af1960d-add8-4188-a5aa-1b7b8db4f146,tomcat-sf,CWFIS-Hotspots,-6,
SF11C46891512282050980,SF11E316435,27.694,-107.637,WF,70.05190446,2019-05-18T00:00:00.000-07:00,0,10,Unknown,-9999,2810001000,,,,,,,,,,,,7,8,9,12,80,40,0.0,0.0,0,0.836288597,6,6,6,6,40,80,13,30,4,14,6,20,5,8,0.0,0.0,0.0,0.0,0.0,0.0,0.0,0.0,0.0,0.0,,http://tomcat-sf/smartfire/events/574c32fe-24e9-4484-af4a-b5cd9613f012,,[],[],574c32fe-24e9-4484-af4a-b5cd9613f012,tomcat-sf,CWFIS-Hotspots,-6,
SF11C46891612282050980,SF11E317778,27.884,-107.316,WF,280.2076178,2019-05-18T00:00:00.000-07:00,0,10,Unknown,-9999,2810001000,,,,,,,,,,,,7,8,9,12,80,40,0.0,0.0,0,0.719716468,6,6,6,6,40,80,13,30,4,14,6,20,5,8,0.0,0.0,0.0,0.0,0.0,0.0,0.0,0.0,0.0,0.0,,http://tomcat-sf/smartfire/events/7c70cc1e-f776-4746-8e9d-a122c68d0639,,[],[],7c70cc1e-f776-4746-8e9d-a122c68d0639,tomcat-sf,CWFIS-Hotspots,-6,
SF11C46891712282050980,SF11E317782,30.338,-101.125,WF,71.89778166,2019-05-18T00:00:00.000-05:00,0,10,TX,48105,2810001000,0.2,0.4,0.8,0.2,0.0,0.0,0.75,0.18,0.0,0.2,0.046,7,8,9,12,80,40,0.949278627,0.0,0,0.794588143,6,6,6,6,40,80,13,30,4,14,6,20,5,8,157115041.4,0.496873,0.586309,4.900411,112.593538,0.260713,0.165172,0.082332,0.066882,1.183611,2.26,http://tomcat-sf/smartfire/events/8c14136d-457c-4935-bf9a-f3b4a385ac03,411.0,[],[],8c14136d-457c-4935-bf9a-f3b4a385ac03,tomcat-sf,CWFIS-Hotspots,-6,Edwards Plateau limestone savanna and woodland
SF11C46891812282050980,SF11E310708,30.05,-93.34,WF,49.70524739,2019-05-18T00:00:00.000-05:00,0,10,LA,22023,2810001000,0.0,0.0,0.0,0.0,0.0,0.0,0.0,2.6,0.0,12.5,1.4,7,8,9,12,80,40,0.949278627,0.0,0,0.44608958,6,6,6,6,40,80,13,30,4,14,5,19,5,8,100893760.0,0.343496,0.405332,3.387816,77.839532,0.180249,0.114186,0.056928,0.046244,0.818266,0.0,http://tomcat-sf/smartfire/events/27b38e53-a7a7-49a4-901e-38ab60d5658c,175.0,[],[],27b38e53-a7a7-49a4-901e-38ab60d5658c,tomcat-sf,CWFIS-Hotspots,-6,Smooth cordgrass - Black needlerush grassland
SF11C46891912282050980,SF11E317224,38.251,-88.154,WF,1.34919538,2019-05-18T00:00:00.000-05:00,0,10,IL,17193,2810001000,0.5,0.25,0.25,0.0,0.0,0.0,2.2,0.0,1.0,0.0,1.0,7,8,9,12,80,40,0.44608958,0.0,0,0.44608958,6,6,6,6,40,80,13,30,4,14,5,19,5,8,45221.27715,0.004382,0.005163,0.04321,0.992891,0.002298,0.001452,0.000724,0.000585,0.010446,0.0,http://tomcat-sf/smartfire/events/acac6943-f3ac-4fb6-8cd1-6eae9ac6f248,0.0,[],[],acac6943-f3ac-4fb6-8cd1-6eae9ac6f248,tomcat-sf,CWFIS-Hotspots,-6,Urban
SF11C46892012282050980,SF11E316362,35.645,-89.93,WF,11.17410533,2019-05-18T00:00:00.000-05:00,0,10,AR,5093,2810001000,0.5,0.25,0.25,0.0,0.0,0.0,2.2,0.0,1.0,0.0,1.0,7,8,9,12,80,40,0.44608958,0.0,0,0.44608958,6,6,6,6,40,80,13,30,4,14,5,19,5,8,3101860.912,0.03629,0.042819,0.357892,8.223165,0.019047,0.012068,0.006009,0.004887,0.086444,0.0,http://tomcat-sf/smartfire/events/eeef527c-2f4f-4156-a2bd-55345f9622d0,0.0,[],[],eeef527c-2f4f-4156-a2bd-55345f9622d0,tomcat-sf,CWFIS-Hotspots,-6,Urban
SF11C46892112282050980,SF11E317810,46.379,-120.513,WF,7.28960874,2019-05-18T00:00:00.000-07:00,0,10,WA,53077,2810001000,0.5,0.25,0.25,0.0,0.0,0.0,2.2,0.0,1.0,0.0,1.0,7,8,9,12,80,40,0.899428116,0.0,0,0.593945972,6,6,6,6,40,80,13,30,4,14,4,20,5,8,2661639.001,0.04773,0.056319,0.470756,10.816196,0.02505,0.01586,0.007908,0.00643,0.113698,0.0,http://tomcat-sf/smartfire/events/24333dd4-c03c-48ee-9c74-8745b8d3d19f,0.0,[],[],24333dd4-c03c-48ee-9c74-8745b8d3d19f,tomcat-sf,CWFIS-Hotspots,-8,Urban
SF11C46892212282050980,SF11E317802,39.57,-86.638,WF,150.805943,2019-05-18T00:00:00.000-05:00,0,10,IN,18109,2810001000,0.5,0.25,0.25,0.0,0.0,0.0,2.2,0.0,1.0,0.0,1.0,7,8,9,12,80,40,0.44608958,0.0,0,0.44608958,6,6,6,6,40,80,13,30,4,14,6,20,5,8,166914543.2,0.489747,0.577906,4.830194,110.980086,0.25698,0.162797,0.081162,0.065931,1.166646,0.0,http://tomcat-sf/smartfire/events/33873f29-7594-4939-b788-29e33eecd02c,0.0,[],[],33873f29-7594-4939-b788-29e33eecd02c,tomcat-sf,CWFIS-Hotspots,-5,Urban
SF11C46892312282050980,SF11E317882,41.901,-97.75,WF,1.050197869,2019-05-18T00:00:00.000-05:00,0,10,NE,31119,2810001000,0.5,0.25,0.25,0.0,0.0,0.0,2.2,0.0,1.0,0.0,1.0,7,8,9,12,80,40,0.44608958,0.0,0,0.44608958,6,6,6,6,40,80,13,30,4,14,5,20,5,8,27399.09212,0.003404,0.004024,0.03364,0.772853,0.001787,0.001125,0.000563,0.000463,0.00812,0.0,http://tomcat-sf/smartfire/events/ce95a919-539e-4dde-968a-f0e5f2cd92be,0.0,[],[],ce95a919-539e-4dde-968a-f0e5f2cd92be,tomcat-sf,CWFIS-Hotspots,-6,Urban
SF11C46892412282050980,SF11E317789,36.585,-89.795,WF,7.845595847,2019-05-18T00:00:00.000-05:00,0,10,MO,29143,2810001000,0.5,0.25,0.25,0.0,0.0,0.0,2.2,0.0,1.0,0.0,1.0,7,8,9,12,80,40,0.44608958,0.0,0,0.44608958,6,6,6,6,40,80,13,30,4,14,5,19,5,8,1529144.98,0.025474,0.030059,0.251296,5.77368,0.013365,0.008465,0.004222,0.003436,0.060693,0.0,http://tomcat-sf/smartfire/events/c96e0103-4868-4530-bd63-2f6a7223fedf,0.0,[],[],c96e0103-4868-4530-bd63-2f6a7223fedf,tomcat-sf,CWFIS-Hotspots,-6,Urban
SF11C46892512282050980,SF11E312701,25.125,-107.473,WF,70.05190446,2019-05-18T00:00:00.000-07:00,0,10,Unknown,-9999,2810001000,,,,,,,,,,,,7,8,9,12,80,40,1.561313531,0.0,0,1.51186004,6,6,6,6,40,80,13,30,4,14,5,19,5,8,250854035.9,0.79623,0.93955,7.85297,180.432314,0.417806,0.264682,0.131944,0.107184,1.896739,,http://tomcat-sf/smartfire/events/64565209-e736-431f-9aac-4ac7b5f3fb59,,[],[],64565209-e736-431f-9aac-4ac7b5f3fb59,tomcat-sf,CWFIS-Hotspots,-7,
SF11C46892612282050980,SF11E317878,25.406,-107.321,WF,70.05190446,2019-05-18T00:00:00.000-07:00,0,10,Unknown,-9999,2810001000,,,,,,,,,,,,7,8,9,12,80,40,1.561313531,0.0,0,1.527138608,6,6,6,6,40,80,13,30,4,14,5,19,5,8,250854035.9,0.79623,0.93955,7.85297,180.432314,0.417806,0.264682,0.131944,0.107184,1.896739,,http://tomcat-sf/smartfire/events/c940c382-ae19-4af7-9a17-d7805086f9b7,,[],[],c940c382-ae19-4af7-9a17-d7805086f9b7,tomcat-sf,CWFIS-Hotspots,-7,
SF11C46892712282050980,SF11E316405,25.417,-107.579,WF,70.05190446,2019-05-18T00:00:00.000-07:00,0,10,Unknown,-9999,2810001000,,,,,,,,,,,,7,8,9,12,80,40,1.561313531,0.0,0,1.538513892,6,6,6,6,40,80,13,30,4,14,5,19,5,8,250854035.9,0.79623,0.93955,7.85297,180.432314,0.417806,0.264682,0.131944,0.107184,1.896739,,http://tomcat-sf/smartfire/events/0f598bc3-96f7-4106-b5ac-d3fbbfba632d,,[],[],0f598bc3-96f7-4106-b5ac-d3fbbfba632d,tomcat-sf,CWFIS-Hotspots,-7,
SF11C46892812282050980,SF11E316405,25.497,-107.555,WF,140.1038089,2019-05-18T00:00:00.000-07:00,0,10,Unknown,-9999,2810001000,,,,,,,,,,,,7,8,9,12,80,40,1.561313531,0.0,0,1.527450871,6,6,6,6,40,80,13,30,4,14,5,19,5,8,536704204.2,1.592472,1.879116,15.705937,360.864612,0.835612,0.529364,0.263889,0.214369,3.79349,,http://tomcat-sf/smartfire/events/0f598bc3-96f7-4106-b5ac-d3fbbfba632d,,[],[],0f598bc3-96f7-4106-b5ac-d3fbbfba632d,tomcat-sf,CWFIS-Hotspots,-7,
SF11C46892912282050980,SF11E316370,25.67,-107.717,WF,70.05190446,2019-05-18T00:00:00.000-07:00,0,10,Unknown,-9999,2810001000,,,,,,,,,,,,7,8,9,12,80,40,1.561313531,0.0,0,1.531568278,6,6,6,6,40,80,13,30,4,14,5,19,5,8,250854035.9,0.79623,0.93955,7.85297,180.432314,0.417806,0.264682,0.131944,0.107184,1.896739,,http://tomcat-sf/smartfire/events/9a38476f-8aaf-44bc-91d5-087ee6d111b3,,[],[],9a38476f-8aaf-44bc-91d5-087ee6d111b3,tomcat-sf,CWFIS-Hotspots,-7,
SF11C46893012282050980,SF11E317843,25.838,-107.789,WF,70.05190446,2019-05-18T00:00:00.000-07:00,0,10,Unknown,-9999,2810001000,,,,,,,,,,,,7,8,9,12,80,40,1.561313531,0.0,0,1.52266879,6,6,6,6,40,80,13,30,4,14,5,19,5,8,250854035.9,0.79623,0.93955,7.85297,180.432314,0.417806,0.264682,0.131944,0.107184,1.896739,,http://tomcat-sf/smartfire/events/c4f22084-9114-4d7e-9b4b-537fe144dd4f,,[],[],c4f22084-9114-4d7e-9b4b-537fe144dd4f,tomcat-sf,CWFIS-Hotspots,-7,
SF11C46893112282050980,SF11E317825,26.895,-107.797,WF,140.1038089,2019-05-18T00:00:00.000-07:00,0,10,Unknown,-9999,2810001000,,,,,,,,,,,,7,8,9,12,80,40,1.561313531,0.0,0,1.34374449,6,6,6,6,40,80,13,30,4,14,6,20,5,8,536704204.2,1.592472,1.879116,15.705937,360.864612,0.835612,0.529364,0.263889,0.214369,3.79349,,http://tomcat-sf/smartfire/events/044c2c67-74a4-4e4a-aea7-6317803e3f74,,[],[],044c2c67-74a4-4e4a-aea7-6317803e3f74,tomcat-sf,CWFIS-Hotspots,-6,
SF11C46893212282050980,SF11E317809,27.399,-108.876,WF,70.05190446,2019-05-18T00:00:00.000-07:00,0,10,Unknown,-9999,2810001000,,,,,,,,,,,,7,8,9,12,80,40,1.433705545,0.127607986,0,1.700279357,6,6,6,6,40,80,13,30,4,14,5,19,5,8,235075087.9,0.879828,1.038208,9.089436,178.138339,0.471864,0.251172,0.151657,0.107183,2.179983,,http://tomcat-sf/smartfire/events/78065ae9-2eb5-4a83-b17f-7b9b513f4d20,,[],[],78065ae9-2eb5-4a83-b17f-7b9b513f4d20,tomcat-sf,CWFIS-Hotspots,-7,
SF11C46893312282050980,SF11E313930,27.685,-109.222,WF,140.1038089,2019-05-18T00:00:00.000-07:00,0,10,Unknown,-9999,2810001000,,,,,,,,,,,,7,8,9,12,80,40,1.459375817,0.101937714,0,1.670375742,6,6,6,6,40,80,13,30,4,14,5,19,5,8,509555371.7,1.726031,2.036712,17.681406,357.199606,0.92199,0.507772,0.295368,0.21437,4.246007,,http://tomcat-sf/smartfire/events/55f937a7-6f1b-47eb-999d-04cb8a443f43,,[],[],55f937a7-6f1b-47eb-999d-04cb8a443f43,tomcat-sf,CWFIS-Hotspots,-7,
SF11C46893412282050980,SF11E316029,35.941,-89.708,WF,11.17410533,2019-05-18T00:00:00.000-05:00,0,10,AR,5093,2810001000,0.5,0.25,0.25,0.0,0.0,0.0,2.2,0.0,1.0,0.0,1.0,7,8,9,12,80,40,0.44608958,0.0,0,0.44608958,6,6,6,6,40,80,13,30,4,14,5,19,5,8,3101860.912,0.03629,0.042819,0.357892,8.223165,0.019047,0.012068,0.006009,0.004887,0.086444,0.0,http://tomcat-sf/smartfire/events/54d7e3a9-9c8c-4e18-98fe-155ee1f7db44,900.0,[],[],54d7e3a9-9c8c-4e18-98fe-155ee1f7db44,tomcat-sf,CWFIS-Hotspots,-6,Water
SF11C46893512282050980,SF11E317868,34.21,-79.146,WF,185.0819304,2019-05-18T00:00:00.000-04:00,0,10,SC,45051,2810001000,0.1,0.2,1.5,1.5,1.5,0.0,1.9,0.01,1.0,1.0,0.0,7,8,9,12,80,40,0.594274484,1.664040633,0,8.581871344,6,6,6,6,40,80,13,30,4,14,5,19,5,8,521715383.5,5.923115,6.989281,72.610867,610.49578,3.459342,0.545819,1.183083,0.409622,17.006911,23.15,http://tomcat-sf/smartfire/events/4f817040-5257-4c1b-80a8-9ef5defa1dab,283.0,[],[],4f817040-5257-4c1b-80a8-9ef5defa1dab,tomcat-sf,CWFIS-Hotspots,-5,Willow oak - Laurel oak - Water oak forest
SF11C46893612282050980,SF11E315277,37.198,-76.601,WF,40.42891139,2019-05-18T00:00:00.000-04:00,0,10,VA,51095,2810001000,0.5,0.25,0.25,0.0,0.0,0.0,2.2,0.0,1.0,0.0,1.0,7,8,9,12,80,40,0.035625421,0.449581754,0,6.608371041,6,6,6,6,40,80,13,30,4,14,5,19,5,8,14443230.03,0.312794,0.369099,3.922576,27.696757,0.184856,0.019991,0.063733,0.019217,0.916085,0.0,http://tomcat-sf/smartfire/events/ab557955-c6be-431f-a27d-198aef605acb,0.0,[],[],ab557955-c6be-431f-a27d-198aef605acb,tomcat-sf,CWFIS-Hotspots,-5,Urban
SF11C46893712282050980,SF11E317856,35.585,-87.857,WF,133.817448,2019-05-18T00:00:00.000-05:00,0,10,TN,47135,2810001000,0.6,0.9,1.5,0.4,0.0,0.0,3.78,0.12,1.0,0.9,0.03,7,8,9,12,80,40,0.00226748,0.101726038,0,4.792451883,6,6,6,6,40,80,13,30,4,14,5,19,5,8,11176484.27,0.228619,0.269768,2.882075,19.464018,0.135494,0.013086,0.046794,0.013643,0.672645,13.68,http://tomcat-sf/smartfire/events/a85e28f2-da4e-4b89-8b47-053fd9181474,275.0,[],[],a85e28f2-da4e-4b89-8b47-053fd9181474,tomcat-sf,CWFIS-Hotspots,-6,Chestnut oak - White oak - Red oak forest
SF11C46893812282050980,SF11E317835,35.972,-104.935,WF,114.8867048,2019-05-18T00:00:00.000-06:00,0,10,NM,35033,2810001000,0.1,0.5,0.9,0.4,1.2,0.0,0.1,0.09,0.7,0.5,0.02,7,8,9,12,80,40,0.004775252,0.233734572,0,11.91286685,6,6,6,6,40,80,13,30,4,14,5,19,5,8,21777500.46,0.450617,0.531726,5.681746,38.313356,0.267084,0.025721,0.092247,0.026858,1.326027,7.24,http://tomcat-sf/smartfire/events/8b65ae9c-d71f-4e1b-b58f-bc72a0fb4bb0,211.0,[],[],8b65ae9c-d71f-4e1b-b58f-bc72a0fb4bb0,tomcat-sf,CWFIS-Hotspots,-7,Interior ponderosa pine forest
SF11C46893912282050980,SF11E317817,27.23,-98.822,WF,83.61798988,2019-05-18T00:00:00.000-05:00,0,10,TX,48247,2810001000,0.0,0.0,0.0,0.0,0.0,0.0,0.49,0.4,0.0,0.0,0.1,7,8,9,12,80,40,0.020941082,0.599092208,0,18.38745562,6,6,6,6,40,80,13,30,4,14,6,19,5,8,41371940.86,0.845932,0.998194,10.651663,72.674847,0.501023,0.049724,0.17296,0.050813,2.486355,0.21,http://tomcat-sf/smartfire/events/e0c38136-ad37-410b-bddb-eea7c7fa59ec,232.0,[],[],e0c38136-ad37-410b-bddb-eea7c7fa59ec,tomcat-sf,CWFIS-Hotspots,-6,Mesquite savanna
SF11C46894012282050980,SF11E317822,51.276,-99.163,WF,43.65116555,2019-05-18T00:00:00.000-06:00,0,10,MB,CA03,2810001000,,,,,,,,,,,,7,8,9,12,80,40,1.185364729,2.012910204,0,8.629379884,6,6,6,6,40,80,13,30,4,14,5,20,5,8,159250684.2,1.838063,2.168919,22.17746,207.763739,1.064714,0.204998,0.362093,0.136815,5.205099,,http://tomcat-sf/smartfire/events/2e0a0a6e-13c1-458f-84c4-b8986e17047d,,[],[],2e0a0a6e-13c1-458f-84c4-b8986e17047d,tomcat-sf,CWFIS-Hotspots,-6,
SF11C46894112282050980,SF11E317298,25.082,-107.356,WF,4.788902284,2019-05-18T00:00:00.000-07:00,0,10,Unknown,-9999,2810001000,,,,,,,,,,,,7,8,9,12,80,40,0.0,0.0,0,23.12515001,6,6,6,6,40,80,13,30,4,14,5,19,5,8,0.0,0.0,0.0,0.0,0.0,0.0,0.0,0.0,0.0,0.0,,http://tomcat-sf/smartfire/events/00a85ee5-3725-4054-9b41-b79a58ef4c56,,[],[],00a85ee5-3725-4054-9b41-b79a58ef4c56,tomcat-sf,CWFIS-Hotspots,-7,
SF11C46894212282050980,SF11E317838,28.52,-88.294,WF,63.94345944,2019-05-18T00:00:00.000-05:00,0,10,Unknown,-9999,2810001000,,,,,,,,,,,,7,8,9,12,80,40,0.0,0.0,0,11.94552061,6,6,6,6,40,80,13,30,4,14,5,19,5,8,0.0,0.0,0.0,0.0,0.0,0.0,0.0,0.0,0.0,0.0,,http://tomcat-sf/smartfire/events/64536830-d301-421f-b4e4-7699dd6b6cda,,[],[],64536830-d301-421f-b4e4-7699dd6b6cda,tomcat-sf,CWFIS-Hotspots,-6,
SF11C46894312282050980,SF11E317857,26.112,-106.802,WF,70.05190446,2019-05-18T00:00:00.000-07:00,0,10,Unknown,-9999,2810001000,,,,,,,,,,,,7,8,9,12,80,40,0.0,0.0,0,0.905544004,6,6,6,6,40,80,13,30,4,14,6,20,5,8,0.0,0.0,0.0,0.0,0.0,0.0,0.0,0.0,0.0,0.0,,http://tomcat-sf/smartfire/events/cf9913c5-a54f-4498-8a43-a0e174a39626,,[],[],cf9913c5-a54f-4498-8a43-a0e174a39626,tomcat-sf,CWFIS-Hotspots,-6,
SF11C46894412282050980,SF11E317797,26.415,-106.532,WF,178.6423641,2019-05-18T00:00:00.000-07:00,0,10,Unknown,-9999,2810001000,,,,,,,,,,,,7,8,9,12,80,40,0.0,0.0,0,4.982991612,6,6,6,6,40,80,13,30,4,14,6,20,5,8,0.0,0.0,0.0,0.0,0.0,0.0,0.0,0.0,0.0,0.0,,http://tomcat-sf/smartfire/events/5106351f-f51d-47e3-aa8e-41abb80024f0,,[],[],5106351f-f51d-47e3-aa8e-41abb80024f0,tomcat-sf,CWFIS-Hotspots,-6,
SF11C46894512282050980,SF11E317815,26.572,-106.612,WF,70.05190446,2019-05-18T00:00:00.000-07:00,0,10,Unknown,-9999,2810001000,,,,,,,,,,,,7,8,9,12,80,40,0.0,0.0,0,0.930578551,6,6,6,6,40,80,13,30,4,14,6,20,5,8,0.0,0.0,0.0,0.0,0.0,0.0,0.0,0.0,0.0,0.0,,http://tomcat-sf/smartfire/events/56256614-3d90-4b10-adb1-b2b47eaf2482,,[],[],56256614-3d90-4b10-adb1-b2b47eaf2482,tomcat-sf,CWFIS-Hotspots,-6,
SF11C46894612282050980,SF11E317885,26.756,-106.685,WF,70.05190446,2019-05-18T00:00:00.000-07:00,0,10,Unknown,-9999,2810001000,,,,,,,,,,,,7,8,9,12,80,40,0.0,0.0,0,1.093490466,6,6,6,6,40,80,13,30,4,14,6,20,5,8,0.0,0.0,0.0,0.0,0.0,0.0,0.0,0.0,0.0,0.0,,http://tomcat-sf/smartfire/events/1e7274cf-10b3-4c30-a35b-3232633c2f40,,[],[],1e7274cf-10b3-4c30-a35b-3232633c2f40,tomcat-sf,CWFIS-Hotspots,-6,
SF11C46894712282050980,SF11E317870,52.786,-114.358,WF,81.5892547,2019-05-18T00:00:00.000-07:00,0,10,AB,CA01,2810001000,,,,,,,,,,,,7,8,9,12,80,40,1.561313531,0.0,0,0.44608958,6,6,6,6,40,80,13,30,4,14,5,21,5,8,298890082.6,0.927371,1.094302,9.146323,210.149001,0.486612,0.308268,0.153677,0.124843,2.209128,,http://tomcat-sf/smartfire/events/11d2b025-292a-47e9-a64c-4d82221bd006,,[],[],11d2b025-292a-47e9-a64c-4d82221bd006,tomcat-sf,CWFIS-Hotspots,-7,
SF11C46894812282050980,SF11E317773,54.323,-111.837,WF,80.36114096,2019-05-18T00:00:00.000-07:00,0,10,AB,CA01,2810001000,,,,,,,,,,,,7,8,9,12,80,40,1.561313531,0.0,0,0.600771142,6,6,6,6,40,80,13,30,4,14,4,20,5,8,293686400.7,0.913409,1.077831,9.008648,206.985751,0.479285,0.303633,0.151366,0.122959,2.175882,,http://tomcat-sf/smartfire/events/9c6d9a3f-fb2f-44b5-96da-72534ba7797d,,[],[],9c6d9a3f-fb2f-44b5-96da-72534ba7797d,tomcat-sf,CWFIS-Hotspots,-7,
SF11C46894912282050980,SF11E317784,51.007,-102.09,WF,4.151370401,2019-05-18T00:00:00.000-06:00,0,10,SK,CA11,2810001000,,,,,,,,,,,,7,8,9,12,80,40,1.561313531,0.0,0,0.949523976,6,6,6,6,40,80,13,30,4,14,5,21,5,8,1498461.908,0.047185,0.055673,0.465375,10.692652,0.024758,0.01568,0.007823,0.006349,0.112407,,http://tomcat-sf/smartfire/events/7b2253b5-bbc9-4f89-a0e2-1d339dbbc24d,,[],[],7b2253b5-bbc9-4f89-a0e2-1d339dbbc24d,tomcat-sf,CWFIS-Hotspots,-6,
SF11C46895012282050980,SF11E317831,52.212,-101.076,WF,3.632449101,2019-05-18T00:00:00.000-06:00,0,10,MB,CA03,2810001000,,,,,,,,,,,,7,8,9,12,80,40,1.561313531,0.0,0,0.729347542,6,6,6,6,40,80,13,30,4,14,5,21,5,8,1147260.361,0.041283,0.048724,0.4072,9.356078,0.021672,0.013722,0.006842,0.005561,0.098356,,http://tomcat-sf/smartfire/events/fccc700a-85ec-485e-9d75-e6de77957e8e,,[],[],fccc700a-85ec-485e-9d75-e6de77957e8e,tomcat-sf,CWFIS-Hotspots,-6,
SF11C46895112282050980,SF11E317808,51.224,-104.674,WF,4.151370401,2019-05-18T00:00:00.000-06:00,0,10,SK,CA11,2810001000,,,,,,,,,,,,7,8,9,12,80,40,1.561313531,0.0,0,1.090207247,6,6,6,6,40,80,13,30,4,14,5,21,5,8,1498461.908,0.047185,0.055673,0.465375,10.692652,0.024758,0.01568,0.007823,0.006349,0.112407,,http://tomcat-sf/smartfire/events/20b64222-7d88-4e5e-8288-db98acb206d3,,[],[],20b64222-7d88-4e5e-8288-db98acb206d3,tomcat-sf,CWFIS-Hotspots,-6,
SF11C46895212282050980,SF11E317880,51.396,-102.822,WF,4.151370401,2019-05-18T00:00:00.000-06:00,0,10,SK,CA11,2810001000,,,,,,,,,,,,7,8,9,12,80,40,1.561313531,0.0,0,1.042297226,6,6,6,6,40,80,13,30,4,14,5,21,5,8,1498461.908,0.047185,0.055673,0.465375,10.692652,0.024758,0.01568,0.007823,0.006349,0.112407,,http://tomcat-sf/smartfire/events/cf15d09d-a557-4aaa-a081-e7ad1699ba71,,[],[],cf15d09d-a557-4aaa-a081-e7ad1699ba71,tomcat-sf,CWFIS-Hotspots,-6,
SF11C46895312282050980,SF11E317769,43.351,-72.483,WF,37.11028612,2019-05-18T00:00:00.000-04:00,0,10,VT,50027,2810001000,0.2,0.4,0.9,0.3,0.0,0.0,0.32,0.01,0.9,1.0,0.0,7,8,9,12,80,40,0.007163141,0.144811549,0,3.224326564,6,6,6,6,40,80,13,30,4,14,4,19,5,8,3840890.813,0.091315,0.107753,1.148276,7.92495,0.05405,0.00553,0.018654,0.005521,0.268074,13.1,http://tomcat-sf/smartfire/events/e86dcd05-79c0-4e0b-9777-d9f7c74e3836,287.0,[],[],e86dcd05-79c0-4e0b-9777-d9f7c74e3836,tomcat-sf,CWFIS-Hotspots,-5,Eastern white pine - Eastern hemlock forest
SF11C46895412282050980,SF11E317814,43.029,-71.159,WF,37.11028612,2019-05-18T00:00:00.000-04:00,0,10,NH,33015,2810001000,0.5,0.25,0.25,0.0,0.0,0.0,2.2,0.0,1.0,0.0,1.0,7,8,9,12,80,40,9.98e-07,0.001971119,0,3.895454955,6,6,6,6,40,80,13,30,4,14,4,19,5,8,46037.97154,0.001217,0.001437,0.015371,0.10195,0.000722,6.2e-05,0.000252,6.8e-05,0.003588,0.0,http://tomcat-sf/smartfire/events/c5c3a4af-af26-413f-add5-efc205d691eb,0.0,[],[],c5c3a4af-af26-413f-add5-efc205d691eb,tomcat-sf,CWFIS-Hotspots,-5,Urban
SF11C46895512282050980,SF11E317845,37.233,-88.796,WF,1.34919538,2019-05-18T00:00:00.000-05:00,0,10,IL,17127,2810001000,0.5,0.25,0.25,0.0,0.0,0.0,2.2,0.0,1.0,0.0,1.0,7,8,9,12,80,40,0.546664937,0.0,0,0.44608958,6,6,6,6,40,80,13,30,4,14,5,19,5,8,55416.82054,0.005374,0.006334,0.052959,1.216757,0.002816,0.001783,0.000889,0.000722,0.012793,0.0,http://tomcat-sf/smartfire/events/847f7244-20f2-4abb-88f9-20095fa90aad,0.0,[],[],847f7244-20f2-4abb-88f9-20095fa90aad,tomcat-sf,CWFIS-Hotspots,-6,Urban
SF11C46895612282050980,SF11E317881,30.583,-83.739,WF,17.68286106,2019-05-18T00:00:00.000-04:00,0,10,FL,12065,2810001000,0.5,0.25,0.25,0.0,0.0,0.0,2.2,0.0,1.0,0.0,1.0,7,8,9,12,80,40,4.071439525,0.0,0,0.599702758,6,6,6,6,40,80,13,30,4,14,6,19,5,8,70895032.3,0.524119,0.618465,5.169218,118.769552,0.275022,0.174225,0.086852,0.070551,1.248532,0.0,http://tomcat-sf/smartfire/events/f4a6a580-ebb4-48aa-81b1-1158edeab656,0.0,[],[],f4a6a580-ebb4-48aa-81b1-1158edeab656,tomcat-sf,CWFIS-Hotspots,-5,Urban
SF11C46895712282050980,SF11E316301,26.694,-80.989,WF,8.841430532,2019-05-18T00:00:00.000-04:00,0,10,FL,12051,2810001000,0.5,0.25,0.25,0.0,0.0,0.0,2.2,0.0,1.0,0.0,1.0,7,8,9,12,80,40,8.2151411,0.0,0,0.44608958,6,6,6,6,40,80,13,30,4,14,6,19,5,8,35759201.65,0.528778,0.623947,5.21507,119.823174,0.277461,0.175772,0.087629,0.071184,1.259606,0.0,http://tomcat-sf/smartfire/events/2f6a9156-1dea-4ebc-964d-ede778b67d35,0.0,[],[],2f6a9156-1dea-4ebc-964d-ede778b67d35,tomcat-sf,CWFIS-Hotspots,-5,Urban
SF11C46895812282050980,SF11E317820,33.429,-88.467,WF,6.417326745,2019-05-18T00:00:00.000-05:00,0,10,MS,28087,2810001000,0.5,0.25,0.25,0.0,0.0,0.0,2.2,0.0,1.0,0.0,1.0,7,8,9,12,80,40,0.26187111,0.18421847,0,0.759900217,6,6,6,6,40,80,13,30,4,14,5,19,5,8,714932.3375,0.031899,0.037637,0.369064,4.419214,0.018092,0.005139,0.006068,0.002799,0.087099,0.0,http://tomcat-sf/smartfire/events/7a3465ed-42be-46ce-ab9a-1e686015b688,0.0,[],[],7a3465ed-42be-46ce-ab9a-1e686015b688,tomcat-sf,CWFIS-Hotspots,-6,Urban
SF11C46895912282050980,SF11E317795,31.568,-83.554,WF,3.983338742,2019-05-18T00:00:00.000-04:00,0,10,GA,13277,2810001000,0.5,0.25,0.25,0.0,0.0,0.0,2.2,0.0,1.0,0.0,1.0,7,8,9,12,80,40,0.359303511,0.086786069,0,0.553838057,6,6,6,6,40,80,13,30,4,14,6,19,5,8,336529.7486,0.016163,0.019082,0.175403,2.842684,0.008876,0.003782,0.002909,0.001739,0.041759,0.0,http://tomcat-sf/smartfire/events/d9e6e809-9747-40a6-b7eb-3d22dd3ab4c9,0.0,[],[],d9e6e809-9747-40a6-b7eb-3d22dd3ab4c9,tomcat-sf,CWFIS-Hotspots,-5,Urban
SF11C46896012282050980,SF11E317848,36.355,-76.805,WF,188.1633345,2019-05-18T00:00:00.000-04:00,0,10,NC,-9999,2810001000,0.5,0.25,0.25,0.0,0.0,0.0,2.2,0.0,1.0,0.0,1.0,7,8,9,12,80,40,0.230117157,0.764064847,0,6.908842113,6,6,6,6,40,80,13,30,4,14,5,19,5,8,224965696.6,2.706379,3.193536,33.317587,271.712523,1.584114,0.235321,0.542572,0.183327,7.79942,0.0,http://tomcat-sf/smartfire/events/afc22861-896a-4158-b74a-b6112e1da203,900.0,[],[],afc22861-896a-4158-b74a-b6112e1da203,tomcat-sf,CWFIS-Hotspots,-5,Water
SF11C46896112282050980,SF11E317837,25.85,-106.978,WF,81.99944963,2019-05-18T00:00:00.000-07:00,0,10,Unknown,-9999,2810001000,,,,,,,,,,,,7,8,9,12,80,40,0.0,0.0,0,12.45602552,6,6,6,6,40,80,13,30,4,14,6,20,5,8,0.0,0.0,0.0,0.0,0.0,0.0,0.0,0.0,0.0,0.0,,http://tomcat-sf/smartfire/events/a109c930-ceac-4710-8917-42303400dc4c,,[],[],a109c930-ceac-4710-8917-42303400dc4c,tomcat-sf,CWFIS-Hotspots,-6,
SF11C46896212282050980,SF11E317828,26.943,-107.7,WF,70.05190446,2019-05-18T00:00:00.000-07:00,0,10,Unknown,-9999,2810001000,,,,,,,,,,,,7,8,9,12,80,40,1.561313531,0.0,0,1.375485994,6,6,6,6,40,80,13,30,4,14,6,20,5,8,250854035.9,0.79623,0.93955,7.85297,180.432314,0.417806,0.264682,0.131944,0.107184,1.896739,,http://tomcat-sf/smartfire/events/fb88fb50-d70b-46b6-b04b-b325142ab85d,,[],[],fb88fb50-d70b-46b6-b04b-b325142ab85d,tomcat-sf,CWFIS-Hotspots,-6,
SF11C46896312282050980,SF11E317829,41.159,-75.405,WF,40.42891139,2019-05-18T00:00:00.000-04:00,0,10,PA,42089,2810001000,0.5,1.0,1.0,1.5,5.0,0.2,0.12,0.08,1.7,1.5,0.03,7,8,9,12,80,40,7.13e-07,0.000799032,0,0.897112911,6,6,6,6,40,80,13,30,4,14,5,19,5,8,21096.47091,0.000537,0.000636,0.006789,0.045065,0.000321,2.7e-05,0.000107,2.9e-05,0.001585,17.43,http://tomcat-sf/smartfire/events/78266df3-147b-4be3-a24b-cfe177e3eb78,268.0,[],[],78266df3-147b-4be3-a24b-cfe177e3eb78,tomcat-sf,CWFIS-Hotspots,-5,American beech - Yellow birch - Sugar maple - Eastern hemlock forest
SF11C46896412282050980,SF11E314711,64.017,-146.133,WF,135.0628591,2019-05-18T00:00:00.000-09:00,0,10,Unknown,2240,2810001000,0.2,0.3,1.0,1.0,0.0,0.0,0.32,0.03,1.0,35.0,0.01,7,8,9,12,80,40,7.857930126,1.161421269,0,10.34990279,6,6,6,6,40,80,13,30,4,14,3,22,5,8,2682824837.0,10.335325,12.195687,109.162595,1969.370542,5.602151,2.710801,1.815358,1.193816,26.095843,0.56,http://tomcat-sf/smartfire/events/32faeae4-e280-4abe-afb8-1a51051e3f7c,88.0,[],[],32faeae4-e280-4abe-afb8-1a51051e3f7c,tomcat-sf,CWFIS-Hotspots,-9,Black spruce / sphagnum moss forest
SF11C46896512282050980,SF11E317799,40.607,-75.329,WF,37.11028612,2019-05-18T00:00:00.000-04:00,0,10,PA,42095,2810001000,0.5,0.25,0.25,0.0,0.0,0.0,2.2,0.0,1.0,0.0,1.0,7,8,9,12,80,40,0.44608958,0.0,0,0.44608958,6,6,6,6,40,80,13,30,4,14,5,19,5,8,31791631.73,0.120517,0.142216,1.188608,27.309947,0.063246,0.040056,0.019972,0.016216,0.287093,0.0,http://tomcat-sf/smartfire/events/62d794fa-2106-457d-aa5f-350b8aefeb47,0.0,[],[],62d794fa-2106-457d-aa5f-350b8aefeb47,tomcat-sf,CWFIS-Hotspots,-5,Urban
SF11C46896612282051210,SF11E316757,58.31,-117.28,WF,177.9702375,2019-05-19T00:00:00.000-07:00,0,10,AB,CA01,2810001000,,,,,,,,,,,,7,8,9,12,80,40,11.7428175,0.0,0,9.837658121,6,6,6,6,40,80,13,30,4,14,4,21,5,8,5392568334.0,15.214245,17.9528,150.052515,3447.65512,7.983298,5.057485,2.521212,2.048072,36.242491,,http://tomcat-sf/smartfire/events/66310b34-f0da-41cf-8705-a40277e63f42,,[],[],66310b34-f0da-41cf-8705-a40277e63f42,tomcat-sf,CWFIS-Hotspots,-7,
SF11C46896712282051210,SF11E316757,58.35,-117.315,WF,448.4517875,2019-05-19T00:00:00.000-07:00,0,10,AB,CA01,2810001000,,,,,,,,,,,,7,8,9,12,80,40,1.936397849,2.420450532,0,9.802803656,6,6,6,6,40,80,13,30,4,14,4,21,5,8,5398852084.0,24.375109,28.762625,290.425629,2944.693394,14.028482,3.087079,4.74962,1.914765,68.275865,,http://tomcat-sf/smartfire/events/66310b34-f0da-41cf-8705-a40277e63f42,,[],[],66310b34-f0da-41cf-8705-a40277e63f42,tomcat-sf,CWFIS-Hotspots,-7,
SF11C46896812282051210,SF11E317887,58.41,-117.62,WF,154.5990106,2019-05-19T00:00:00.000-07:00,0,10,AB,CA01,2810001000,,,,,,,,,,,,7,8,9,12,80,40,6.534375564,1.658193403,0,9.757317388,6,6,6,6,40,80,13,30,4,14,4,21,5,8,2670208320.0,11.617979,13.709212,126.397905,2023.656242,6.388686,2.677461,2.093023,1.241229,30.087214,,http://tomcat-sf/smartfire/events/7a6036a6-df62-4a5b-b31a-ca37fffd3f7b,,[],[],7a6036a6-df62-4a5b-b31a-ca37fffd3f7b,tomcat-sf,CWFIS-Hotspots,-7,
SF11C46896912282051210,SF11E316757,58.44,-117.44,WF,149.4839292,2019-05-19T00:00:00.000-07:00,0,10,AB,CA01,2810001000,,,,,,,,,,,,7,8,9,12,80,40,1.902147259,2.394074574,0,9.703518985,6,6,6,6,40,80,13,30,4,14,4,21,5,8,945965585.8,8.022189,9.46618,95.612551,967.625924,4.6177,1.013053,1.56359,0.629378,22.476545,,http://tomcat-sf/smartfire/events/66310b34-f0da-41cf-8705-a40277e63f42,,[],[],66310b34-f0da-41cf-8705-a40277e63f42,tomcat-sf,CWFIS-Hotspots,-7,
SF11C46897012282051210,SF11E317887,58.443,-117.634,WF,476.9380959,2019-05-19T00:00:00.000-07:00,0,10,AB,CA01,2810001000,,,,,,,,,,,,7,8,9,12,80,40,5.981098065,1.60020922,0,9.733793598,6,6,6,6,40,80,13,30,4,14,4,21,5,8,14763922794.0,33.460514,39.483413,365.180631,5769.144475,18.428216,7.596298,6.04432,3.543485,86.887139,,http://tomcat-sf/smartfire/events/7a6036a6-df62-4a5b-b31a-ca37fffd3f7b,,[],[],7a6036a6-df62-4a5b-b31a-ca37fffd3f7b,tomcat-sf,CWFIS-Hotspots,-7,
SF11C46897112282051210,SF11E316757,58.46,-117.495,WF,298.9678584,2019-05-19T00:00:00.000-07:00,0,10,AB,CA01,2810001000,,,,,,,,,,,,7,8,9,12,80,40,1.896060569,2.391906377,0,9.697296035,6,6,6,6,40,80,13,30,4,14,4,21,5,8,2554137382.0,16.020351,18.904002,190.958152,1931.345909,9.222048,2.021118,3.122765,1.256327,44.88974,,http://tomcat-sf/smartfire/events/66310b34-f0da-41cf-8705-a40277e63f42,,[],[],66310b34-f0da-41cf-8705-a40277e63f42,tomcat-sf,CWFIS-Hotspots,-7,
SF11C46897212282051210,SF11E316757,58.42,-117.44,WF,149.4839292,2019-05-19T00:00:00.000-07:00,0,10,AB,CA01,2810001000,,,,,,,,,,,,7,8,9,12,80,40,1.912080364,2.401913678,0,9.733139333,6,6,6,6,40,80,13,30,4,14,4,21,5,8,950392685.2,8.052496,9.501939,95.965375,971.707861,4.634938,1.017708,1.569376,0.631976,22.559751,,http://tomcat-sf/smartfire/events/66310b34-f0da-41cf-8705-a40277e63f42,,[],[],66310b34-f0da-41cf-8705-a40277e63f42,tomcat-sf,CWFIS-Hotspots,-7,
SF11C46897312282051210,SF11E316757,58.35,-117.51,WF,154.5990106,2019-05-19T00:00:00.000-07:00,0,10,AB,CA01,2810001000,,,,,,,,,,,,7,8,9,12,80,40,6.225364726,1.646287398,0,9.812498669,6,6,6,6,40,80,13,30,4,14,4,21,5,8,2550484824.0,11.239611,13.262736,122.581439,1942.287427,6.188055,2.560188,2.029114,1.192609,29.168584,,http://tomcat-sf/smartfire/events/66310b34-f0da-41cf-8705-a40277e63f42,,[],[],66310b34-f0da-41cf-8705-a40277e63f42,tomcat-sf,CWFIS-Hotspots,-7,
SF11C46897412282051210,SF11E316757,58.39,-117.37,WF,149.4839292,2019-05-19T00:00:00.000-07:00,0,10,AB,CA01,2810001000,,,,,,,,,,,,7,8,9,12,80,40,1.92517502,2.411939845,0,9.770833902,6,6,6,6,40,80,13,30,4,14,4,21,5,8,956195481.5,8.091656,9.548158,96.420694,977.023978,4.657194,1.023806,1.576844,0.635366,22.667133,,http://tomcat-sf/smartfire/events/66310b34-f0da-41cf-8705-a40277e63f42,,[],[],66310b34-f0da-41cf-8705-a40277e63f42,tomcat-sf,CWFIS-Hotspots,-7,
SF11C46897512282051210,SF11E316757,58.4,-117.4,WF,154.5990106,2019-05-19T00:00:00.000-07:00,0,10,AB,CA01,2810001000,,,,,,,,,,,,7,8,9,12,80,40,6.601116657,1.650514571,0,9.758164958,6,6,6,6,40,80,13,30,4,14,4,21,5,8,2695076090.0,11.673369,13.77458,126.889584,2039.028409,6.416405,2.701361,2.101431,1.250188,30.208012,,http://tomcat-sf/smartfire/events/66310b34-f0da-41cf-8705-a40277e63f42,,[],[],66310b34-f0da-41cf-8705-a40277e63f42,tomcat-sf,CWFIS-Hotspots,-7,
SF11C46897612282051210,SF11E316757,58.43,-117.53,WF,154.5990106,2019-05-19T00:00:00.000-07:00,0,10,AB,CA01,2810001000,,,,,,,,,,,,7,8,9,12,80,40,5.946018074,1.657534211,0,9.723146926,6,6,6,6,40,80,13,30,4,14,4,21,5,8,2444436955.0,10.95412,12.925856,119.845818,1873.462312,6.040225,2.457252,1.982941,1.151996,28.504842,,http://tomcat-sf/smartfire/events/66310b34-f0da-41cf-8705-a40277e63f42,,[],[],66310b34-f0da-41cf-8705-a40277e63f42,tomcat-sf,CWFIS-Hotspots,-7,
SF11C46897712282051210,SF11E316757,58.305,-117.375,WF,154.5990106,2019-05-19T00:00:00.000-07:00,0,10,AB,CA01,2810001000,,,,,,,,,,,,7,8,9,12,80,40,6.241379556,1.64068876,0,9.840022396,6,6,6,6,40,80,13,30,4,14,4,21,5,8,2556080333.0,11.243242,13.267022,122.577368,1945.166274,6.188975,2.565389,2.029155,1.194189,29.169096,,http://tomcat-sf/smartfire/events/66310b34-f0da-41cf-8705-a40277e63f42,,[],[],66310b34-f0da-41cf-8705-a40277e63f42,tomcat-sf,CWFIS-Hotspots,-7,
SF11C46897812282051210,SF11E317850,57.09,-117.9,WF,88.98511875,2019-05-19T00:00:00.000-07:00,0,10,AB,CA01,2810001000,,,,,,,,,,,,7,8,9,12,80,40,6.939449001,1.705633237,0,10.60256792,6,6,6,6,40,80,13,30,4,14,4,21,5,8,1556290855.0,7.019792,8.283354,76.228161,1230.136667,3.856599,1.632173,1.262601,0.753895,18.149895,,http://tomcat-sf/smartfire/events/91c68e6c-c766-4925-8386-09dd09b3b122,,[],[],91c68e6c-c766-4925-8386-09dd09b3b122,tomcat-sf,CWFIS-Hotspots,-7,
