id,event_id,latitude,longitude,utc_offset,source,type,date_time,event_name,fccs_number,fuelbed_fractions,heat,pm2.5,pm10,co,co2,ch4,nh3,so2,voc,nox,consumption_total,consumption_flaming,consumption_smoldering,consumption_residual,area,elevation,slope,moisture_1hr,moisture_10hr,moisture_100hr,moisture_1khr,moisture_live,moisture_duff,canopy_consumption_pct,min_wind,max_wind,min_wind_aloft,max_wind_aloft,min_humid,max_humid,min_temp,max_temp,min_temp_hour,max_temp_hour,sunrise_hour,sunset_hour,snow_month,rain_days,state,county,country
SF11C47221712646684580,SF11E314711,63.964,-146.177,-9.0,,WF,20190521,,,,1621611490.25356,3.479911,4.106295,34.3211,788.57268,1.825997,0.576671,0.46845,8.289645,1.156784,715.2628421170326,478.0096038448548,,,306.158625,,10.0,7.0,8.0,9.0,12.0,80.0,40.0,,6.0,6.0,6.0,6.0,40.0,80.0,13.0,30.0,4.0,14.0,3.0,22.0,5.0,8.0,Unknown,,
SF11C47226412646684580,SF11E321151,55.266,-128.317,-8.0,,WF,20190522,,,,,,,,,,,,,,8.499922868609408,,,,19.05429593,,10.0,7.0,8.0,9.0,12.0,80.0,40.0,,6.0,6.0,6.0,6.0,40.0,80.0,13.0,30.0,4.0,14.0,4.0,21.0,5.0,8.0,BC,,
SF11C47226712646684580,SF11E321183,56.474,-128.257,-8.0,,WF,20190522,,,,34590262.588599,0.558073,0.658526,6.514179,74.388039,0.317839,0.106824,0.047531,1.535597,0.084233,136.99410692629547,26.58283498404311,21.91857490723755,,19.05429593,,10.0,7.0,8.0,9.0,12.0,80.0,40.0,,6.0,6.0,6.0,6.0,40.0,80.0,13.0,30.0,4.0,14.0,4.0,21.0,5.0,8.0,BC,,
SF11C47228012646684580,SF11E321184,55.912,-120.382,-8.0,,WF,20190522,,,,129242514.64309098,0.467872,0.552089,4.614448,106.023049,0.245504,0.077533,0.062983,1.114537,0.155529,87.09506368611046,64.26805904992224,,,41.16281437,,10.0,7.0,8.0,9.0,12.0,80.0,40.0,,6.0,6.0,6.0,6.0,40.0,80.0,13.0,30.0,4.0,14.0,5.0,21.0,5.0,8.0,BC,,
SF11C47231012646684580,SF11E321158,55.366,-121.034,-8.0,,WF,20190522,,,,14083582.610713001,0.388183,0.458055,4.789482,38.422645,0.227477,0.077973,0.026004,1.120866,0.032684,150.4489103153465,5.681939325604512,20.852466567442786,,20.90264418,,10.0,7.0,8.0,9.0,12.0,80.0,40.0,,6.0,6.0,6.0,6.0,40.0,80.0,13.0,30.0,4.0,14.0,5.0,21.0,5.0,8.0,BC,,
SF11C47232212646684580,SF11E320070,58.209,-120.45,-8.0,,WF,20190522,,,,3458422988.330111,15.806726,18.651937,175.560377,2568.138771,8.780957,2.898634,1.590644,41.66786,3.282745,3866.227205272259,1196.4051603711607,426.70131150827274,,194.476877,,10.0,7.0,8.0,9.0,12.0,80.0,40.0,,6.0,6.0,6.0,6.0,40.0,80.0,13.0,30.0,4.0,14.0,3.0,21.0,5.0,8.0,BC,,
SF11C47232312646684580,SF11E318980,58.955,-127.359,-8.0,,WF,20190522,,,,8981627171.93757,30.229044,35.670272,346.809674,4340.898797,17.06675,5.700519,2.739702,81.944963,5.168509,7350.857494277043,1739.478691683851,1056.1349142972695,,432.3701694,,10.0,7.0,8.0,9.0,12.0,80.0,40.0,,6.0,6.0,6.0,6.0,40.0,80.0,13.0,30.0,4.0,14.0,4.0,21.0,5.0,8.0,BC,,
SF11C47233112646684580,SF11E320765,65.327,-154.592,-10.0,,WF,20190521,,,,696545461.639472,8.172759,9.643855,99.945131,854.940597,4.767196,1.628973,0.571851,23.416483,0.777586,2661.563591511565,163.85487011256214,419.6666118194533,,134.9491907,,10.0,7.0,8.0,9.0,12.0,80.0,40.0,,6.0,6.0,6.0,6.0,40.0,80.0,13.0,30.0,4.0,14.0,4.0,23.0,5.0,8.0,Unknown,,
SF11C47234212646684580,SF11E321030,54.566,-125.677,-8.0,,WF,20190522,,,,49509748.54583699,0.888782,1.048763,10.599526,106.865037,0.51176,0.173324,0.069549,2.491528,0.111578,232.5163009182341,31.176499622807242,39.79180953366085,,20.90264418,,10.0,7.0,8.0,9.0,12.0,80.0,40.0,,6.0,6.0,6.0,6.0,40.0,80.0,13.0,30.0,4.0,14.0,4.0,20.0,5.0,8.0,BC,,
SF11C47234312646684580,SF11E321066,54.866,-123.027,-8.0,,WF,20190522,,,,254428758.667024,1.591439,1.877898,15.695789,360.631522,0.835068,0.263724,0.214232,3.791036,0.529022,313.8489247828871,218.60431220454936,,,20.90264418,,10.0,7.0,8.0,9.0,12.0,80.0,40.0,,6.0,6.0,6.0,6.0,40.0,80.0,13.0,30.0,4.0,14.0,4.0,20.0,5.0,8.0,BC,,
SF11C47244412646684580,SF11E321012,60.335,-131.288,-8.0,,WF,20190522,,,,262712858.02466,0.829097,0.978335,8.177086,187.87936,0.435048,0.137393,0.111609,1.975028,0.275607,178.3391563666335,113.88695131608532,,,72.94303742,,10.0,7.0,8.0,9.0,12.0,80.0,40.0,,6.0,6.0,6.0,6.0,40.0,80.0,13.0,30.0,4.0,14.0,4.0,21.0,5.0,8.0,YT,,
SF11C47244512646684580,SF11E321095,59.58,-128.696,-8.0,,WF,20190522,,,,29991684.722938996,0.211101,0.249099,2.082014,47.837029,0.11077,0.034982,0.028417,0.502873,0.070174,46.08002096521716,28.997402562663595,,,18.57244044,,10.0,7.0,8.0,9.0,12.0,80.0,40.0,,6.0,6.0,6.0,6.0,40.0,80.0,13.0,30.0,4.0,14.0,4.0,21.0,5.0,8.0,BC,,
SF11C47285012646684350,SF11E321622,25.075,-107.268,-7.0,,WF,20190522,,,,,,,,,,,,,,447.02031193662987,,,,19.15560914,,10.0,7.0,8.0,9.0,12.0,80.0,40.0,,6.0,6.0,6.0,6.0,40.0,80.0,13.0,30.0,4.0,14.0,5.0,19.0,5.0,8.0,Unknown,,
SF11C47285112646684350,SF11E321636,25.144,-106.565,-7.0,,WF,20190522,,,,,,,,,,,,,,97.92832989803699,,,,4.788902284,,10.0,7.0,8.0,9.0,12.0,80.0,40.0,,6.0,6.0,6.0,6.0,40.0,80.0,13.0,30.0,4.0,14.0,6.0,20.0,5.0,8.0,Unknown,,
SF11C47285212646684350,SF11E319551,25.117,-107.545,-7.0,,WF,20190522,,,,247029266.28181103,0.816337,0.963277,8.150288,179.88109,0.430805,0.136685,0.107186,1.96485,0.261433,220.93843224879748,107.2236123724,2.1493739333172557,,70.05190446,,10.0,7.0,8.0,9.0,12.0,80.0,40.0,,6.0,6.0,6.0,6.0,40.0,80.0,13.0,30.0,4.0,14.0,5.0,19.0,5.0,8.0,Unknown,,
SF11C47285312646684350,SF11E318153,25.585,-107.43,-7.0,,WF,20190522,,,,1555620016.0700877,9.753974,11.509689,112.424934,1373.853825,5.519788,1.846768,0.869805,26.547285,1.615557,2395.224962893466,535.4862391252286,352.0703554161352,,152.0513541,,10.0,7.0,8.0,9.0,12.0,80.0,40.0,,6.0,6.0,6.0,6.0,40.0,80.0,13.0,30.0,4.0,14.0,5.0,19.0,5.0,8.0,Unknown,,
SF11C47285412646684350,SF11E317813,25.487,-100.457,-6.0,,WF,20190522,,,,,,,,,,,,,,1818.0887096917997,,,,71.83353426,,10.0,7.0,8.0,9.0,12.0,80.0,40.0,,6.0,6.0,6.0,6.0,40.0,80.0,13.0,30.0,4.0,14.0,6.0,19.0,5.0,8.0,Unknown,,
SF11C47285512646684350,SF11E320080,25.583,-99.941,-6.0,,WF,20190522,,,,,,,,,,,,,,594.0837089405402,,,,23.94451142,,10.0,7.0,8.0,9.0,12.0,80.0,40.0,,6.0,6.0,6.0,6.0,40.0,80.0,13.0,30.0,4.0,14.0,6.0,19.0,5.0,8.0,Unknown,,
SF11C47285612646684350,SF11E321709,30.557,-101.105,-5.0,,WF,20190522,,,,564684066.171846,1.490603,1.758912,14.701277,337.781293,0.782157,0.247014,0.200658,3.550829,0.495503,345.5673321695851,204.75308239463732,,,215.693345,,10.0,7.0,8.0,9.0,12.0,80.0,40.0,,6.0,6.0,6.0,6.0,40.0,80.0,13.0,30.0,4.0,14.0,6.0,20.0,5.0,8.0,TX,,
SF11C47285712646684350,SF11E321627,29.625,-108.377,-7.0,,WF,20190522,,,,385394296.92917293,1.167432,1.37757,11.513959,264.548447,0.612581,0.19346,0.157154,2.78099,0.388075,315.47027080158614,160.3615004133165,,,102.7093516,,10.0,7.0,8.0,9.0,12.0,80.0,40.0,,6.0,6.0,6.0,6.0,40.0,80.0,13.0,30.0,4.0,14.0,6.0,20.0,5.0,8.0,Unknown,,
SF11C47285812646684350,SF11E321706,26.966,-107.682,-7.0,,WF,20190522,,,,1837123475.7742968,10.811306,12.757341,123.550533,1577.493221,6.091863,2.031887,0.993084,29.208381,1.897095,2599.4441024839166,646.1454801059007,367.2058964652096,,152.0513541,,10.0,7.0,8.0,9.0,12.0,80.0,40.0,,6.0,6.0,6.0,6.0,40.0,80.0,13.0,30.0,4.0,14.0,6.0,20.0,5.0,8.0,Unknown,,
SF11C47285912646684350,SF11E321702,27.388,-108.279,-7.0,,WF,20190522,,,,3300088072.740482,15.86293,18.718258,183.868465,2181.136597,9.002383,3.018051,1.386396,43.38448,2.523981,4007.3126320415286,819.7373136624848,594.9520523127851,,304.1027082,,10.0,7.0,8.0,9.0,12.0,80.0,40.0,,6.0,6.0,6.0,6.0,40.0,80.0,13.0,30.0,4.0,14.0,6.0,20.0,5.0,8.0,Unknown,,
SF11C47286012646684350,SF11E321092,50.953,-103.47,-6.0,,WF,20190522,,,,33633264149.78337,82.809348,97.715031,981.977958,10245.393807,47.542955,16.06937,6.632915,230.99719,10.957209,24048.5871713215,3182.281906005132,3585.998154128797,,2076.073156,,10.0,7.0,8.0,9.0,12.0,80.0,40.0,,6.0,6.0,6.0,6.0,40.0,80.0,13.0,30.0,4.0,14.0,5.0,21.0,5.0,8.0,SK,,
SF11C47286112646684350,SF11E320765,65.344,-154.601,-10.0,,WF,20190522,,,,15614072369.17107,46.244346,54.568328,554.328875,5414.7467,26.697332,9.05832,3.541579,130.213354,5.522431,15023.080375778776,1482.1754606414106,2131.6800172016856,,1119.140271,,10.0,7.0,8.0,9.0,12.0,80.0,40.0,,6.0,6.0,6.0,6.0,40.0,80.0,13.0,30.0,4.0,14.0,3.0,23.0,5.0,8.0,Unknown,,
SF11C47286212646684350,SF11E320473,31.625,-83.909,-4.0,,WF,20190522,,,,2647438660.5331964,5.130378,6.053846,51.004116,1141.698018,2.702066,0.855929,0.679563,12.303976,1.664814,916.5251094400617,684.641761770109,8.789459556535327,,361.2285302,,10.0,7.0,8.0,9.0,12.0,80.0,40.0,,6.0,6.0,6.0,6.0,40.0,80.0,13.0,30.0,4.0,14.0,6.0,19.0,5.0,8.0,GA,,
SF11C47286312646684350,SF11E321658,37.235,-82.042,-4.0,,WF,20190522,,,,10696956.705801,0.216743,0.255757,2.72752,18.705711,0.128332,0.044293,0.013063,0.636718,0.012905,364.98621362705563,0.530345731828025,12.799531284287402,,80.85782277,,10.0,7.0,8.0,9.0,12.0,80.0,40.0,,6.0,6.0,6.0,6.0,40.0,80.0,13.0,30.0,4.0,14.0,5.0,20.0,5.0,8.0,VA,,
SF11C47286412646684350,SF11E320494,33.012,-79.884,-4.0,,WF,20190522,,,,5371908352.041326,21.313035,25.149382,259.248094,2301.197861,12.397547,4.228317,1.529259,60.782054,2.167194,9168.914411387183,496.22284413813594,1064.2459003122244,,732.2622018,,10.0,7.0,8.0,9.0,12.0,80.0,40.0,,6.0,6.0,6.0,6.0,40.0,80.0,13.0,30.0,4.0,14.0,5.0,19.0,5.0,8.0,SC,,
SF11C47286512646684350,SF11E321661,35.132,-79.221,-4.0,,WF,20190522,,,,153075981.432256,2.318791,2.736174,28.793493,220.043245,1.363372,0.468379,0.150313,6.732945,0.176815,1100.7697144012084,24.831910890533237,128.54830794137334,,105.434924,,10.0,7.0,8.0,9.0,12.0,80.0,40.0,,6.0,6.0,6.0,6.0,40.0,80.0,13.0,30.0,4.0,14.0,5.0,19.0,5.0,8.0,NC,,
SF11C47286612646684350,SF11E319510,59.303,-112.194,-7.0,,WF,20190522,,,,143619868871.60675,194.905056,229.987966,2132.174542,33345.848541,107.467348,35.279078,20.503337,507.136741,43.744145,48060.17166631449,16367.178770911878,4554.592892351729,,3060.736207,,10.0,7.0,8.0,9.0,12.0,80.0,40.0,,6.0,6.0,6.0,6.0,40.0,80.0,13.0,30.0,4.0,14.0,4.0,21.0,5.0,8.0,AB,,
SF11C47286712646684350,SF11E319510,59.308,-112.144,-7.0,,WF,20190522,,,,23191850597.161945,53.183133,62.756097,616.723048,7298.541328,30.188762,10.122401,4.640661,145.509508,8.434676,13148.603026971467,2734.762911677304,2000.6046214805774,,871.1082444,,10.0,7.0,8.0,9.0,12.0,80.0,40.0,,6.0,6.0,6.0,6.0,40.0,80.0,13.0,30.0,4.0,14.0,4.0,21.0,5.0,8.0,AB,,
SF11C47286812646684350,SF11E321629,49.155,-89.626,-5.0,,WF,20190522,,,,179886289.93937498,1.969047,2.323475,23.887735,215.869885,1.143802,0.389741,0.143016,5.602526,0.206579,580.6702885556447,48.9881437652628,96.94641787949242,,80.94925176,,10.0,7.0,8.0,9.0,12.0,80.0,40.0,,6.0,6.0,6.0,6.0,40.0,80.0,13.0,30.0,4.0,14.0,4.0,20.0,5.0,8.0,ON,,
SF11C47286912646684350,SF11E321705,52.137,-100.198,-6.0,,WF,20190522,,,,3203039193.790166,15.146861,17.873296,173.259069,2201.736055,8.538841,2.84902,1.386899,40.954658,2.641601,3805.1912555582576,897.2199574975581,517.9833663239139,,266.2338085,,10.0,7.0,8.0,9.0,12.0,80.0,40.0,,6.0,6.0,6.0,6.0,40.0,80.0,13.0,30.0,4.0,14.0,5.0,21.0,5.0,8.0,MB,,
SF11C47287012646684350,SF11E321725,49.795,-103.395,-6.0,,WF,20190522,,,,37461562.79260499,0.23593,0.278397,2.326892,53.463418,0.123798,0.039097,0.03176,0.562019,0.078427,51.8667449719527,32.40795388856441,,,20.756852,,10.0,7.0,8.0,9.0,12.0,80.0,40.0,,6.0,6.0,6.0,6.0,40.0,80.0,13.0,30.0,4.0,14.0,5.0,21.0,5.0,8.0,SK,,
SF11C47287112646684350,SF11E317850,57.037,-117.893,-7.0,,WF,20190522,,,,313373398402.09174,405.168944,478.099354,4396.612764,71162.725744,222.518222,72.830482,43.599116,1046.938179,94.52046,98326.1187110763,35796.65646616398,8692.237186545046,,3980.729309,,10.0,7.0,8.0,9.0,12.0,80.0,40.0,,6.0,6.0,6.0,6.0,40.0,80.0,13.0,30.0,4.0,14.0,4.0,21.0,5.0,8.0,AB,,
SF11C47287212646684350,SF11E317811,55.819,-114.652,-7.0,,WF,20190522,,,,51764343546.22692,83.695889,98.761148,923.92675,13889.83663,46.35472,15.267798,8.576935,219.474593,17.949233,20875.375554144433,6615.370831461629,2136.6032231967297,,952.420741,,10.0,7.0,8.0,9.0,12.0,80.0,40.0,,6.0,6.0,6.0,6.0,40.0,80.0,13.0,30.0,4.0,14.0,4.0,21.0,5.0,8.0,AB,,
SF11C47287312646684350,SF11E317850,57.092,-118.06,-7.0,,WF,20190522,,,,177956225794.80472,230.963267,272.536655,2501.539913,40808.733958,126.728029,41.449493,24.982083,595.836469,54.353229,57205.71661160914,20639.262380396623,4852.660858090355,,2417.938508,,10.0,7.0,8.0,9.0,12.0,80.0,40.0,,6.0,6.0,6.0,6.0,40.0,80.0,13.0,30.0,4.0,14.0,4.0,21.0,5.0,8.0,AB,,
SF11C47287412646684350,SF11E317811,55.72,-114.445,-7.0,,WF,20190522,,,,37924789220.84471,57.789089,68.191124,603.144632,11384.247051,31.145019,10.0478,6.872578,144.437126,15.882064,14492.204687522411,6292.598814860408,720.2359840394907,,587.8389909,,10.0,7.0,8.0,9.0,12.0,80.0,40.0,,6.0,6.0,6.0,6.0,40.0,80.0,13.0,30.0,4.0,14.0,4.0,21.0,5.0,8.0,AB,,
SF11C47287512646684350,SF11E317811,55.785,-114.585,-7.0,,WF,20190522,,,,23803001793.112316,45.625816,53.838463,468.079342,9406.601673,24.388777,7.817705,5.647803,112.379511,13.353146,11186.473869406082,5370.558323452507,392.50559834583646,,421.5543668,,10.0,7.0,8.0,9.0,12.0,80.0,40.0,,6.0,6.0,6.0,6.0,40.0,80.0,13.0,30.0,4.0,14.0,4.0,21.0,5.0,8.0,AB,,
SF11C47287612646684350,SF11E317850,57.176,-117.913,-7.0,,WF,20190522,,,,265223583382.68375,309.963847,365.757339,3290.033725,58229.327664,168.412824,54.673642,35.361637,785.933606,79.677942,76276.85084243803,31027.97869347389,5055.324669952313,,3358.770007,,10.0,7.0,8.0,9.0,12.0,80.0,40.0,,6.0,6.0,6.0,6.0,40.0,80.0,13.0,30.0,4.0,14.0,4.0,21.0,5.0,8.0,AB,,
SF11C47287712646684350,SF11E317850,57.11,-118.085,-7.0,,WF,20190522,,,,6053130854.641603,20.770965,24.509739,215.121742,4177.633892,11.153154,3.587812,2.515669,51.574794,5.875368,4753.523563611936,2344.2616843447877,222.74770812658215,,166.284624,,10.0,7.0,8.0,9.0,12.0,80.0,40.0,,6.0,6.0,6.0,6.0,40.0,80.0,13.0,30.0,4.0,14.0,4.0,21.0,5.0,8.0,AB,,
SF11C47287812646684350,SF11E317811,55.909,-114.664,-7.0,,WF,20190522,,,,228623251975.3974,252.579731,298.044083,2640.117475,49554.03071,136.22366,43.97208,29.930374,632.098655,69.020629,61595.90989271653,27307.685098687383,3233.5127136017154,,2391.041088,,10.0,7.0,8.0,9.0,12.0,80.0,40.0,,6.0,6.0,6.0,6.0,40.0,80.0,13.0,30.0,4.0,14.0,4.0,21.0,5.0,8.0,AB,,
SF11C47287912646684350,SF11E317811,55.753,-114.529,-7.0,,WF,20190522,,,,9633789500.283745,29.081582,34.316266,314.761777,5149.637959,15.951479,5.21599,3.151555,74.979861,6.865699,7269.019654195096,2609.5813563832185,606.2907361409808,,318.3260939,,10.0,7.0,8.0,9.0,12.0,80.0,40.0,,6.0,6.0,6.0,6.0,40.0,80.0,13.0,30.0,4.0,14.0,4.0,21.0,5.0,8.0,AB,,
SF11C47288012646684350,SF11E317811,55.758,-114.372,-7.0,,WF,20190522,,,,70013251535.19478,114.259039,134.825666,1276.310479,18188.960544,63.653194,21.056043,11.299358,302.680621,23.000308,27872.77823428683,8287.769597409999,3242.1886628822162,,1306.923063,,10.0,7.0,8.0,9.0,12.0,80.0,40.0,,6.0,6.0,6.0,6.0,40.0,80.0,13.0,30.0,4.0,14.0,4.0,21.0,5.0,8.0,AB,,
SF11C47288112646684350,SF11E317811,56.006,-114.682,-7.0,,WF,20190522,,,,108702839445.83145,209.157062,246.805333,2415.83122,29198.359481,118.487864,39.672773,18.512877,570.296113,34.134116,54384.9366653596,11231.064807363748,7659.627601567053,,2742.718995,,10.0,7.0,8.0,9.0,12.0,80.0,40.0,,6.0,6.0,6.0,6.0,40.0,80.0,13.0,30.0,4.0,14.0,4.0,21.0,5.0,8.0,AB,,
SF11C47288212646684350,SF11E317811,55.87,-114.464,-7.0,,WF,20190522,,,,4161700881.363536,19.284874,22.756152,222.70748,2694.18271,10.923951,3.657388,1.708005,52.574956,3.151174,4974.255056446635,1037.4697291395482,705.3928132321266,,307.1445754,,10.0,7.0,8.0,9.0,12.0,80.0,40.0,,6.0,6.0,6.0,6.0,40.0,80.0,13.0,30.0,4.0,14.0,4.0,21.0,5.0,8.0,AB,,
SF11C47288312646684350,SF11E317811,55.96,-114.558,-7.0,,WF,20190522,,,,46821273935.276794,68.772233,81.151234,722.787536,13289.506664,37.188368,12.02861,8.041839,172.911262,18.398017,17201.127420927427,7240.083742519379,965.8744205819287,,660.0234148,,10.0,7.0,8.0,9.0,12.0,80.0,40.0,,6.0,6.0,6.0,6.0,40.0,80.0,13.0,30.0,4.0,14.0,4.0,21.0,5.0,8.0,AB,,
SF11C47288412646684350,SF11E317811,55.923,-114.533,-7.0,,WF,20190522,,,,8703685081.769083,27.707645,32.695021,292.467994,5289.038957,15.014114,4.864157,3.205444,69.922257,7.285628,6589.365970993501,2854.289480121502,416.57153606811687,,243.5841293,,10.0,7.0,8.0,9.0,12.0,80.0,40.0,,6.0,6.0,6.0,6.0,40.0,80.0,13.0,30.0,4.0,14.0,4.0,21.0,5.0,8.0,AB,,
SF11C47288512646684350,SF11E317811,55.9,-114.49,-7.0,,WF,20190522,,,,1629297959.296075,8.134225,9.598386,89.647232,1357.514689,4.501472,1.481754,0.837596,21.300213,1.759211,1924.6616424795536,650.2333466557478,204.45689053862594,,77.29950528,,10.0,7.0,8.0,9.0,12.0,80.0,40.0,,6.0,6.0,6.0,6.0,40.0,80.0,13.0,30.0,4.0,14.0,4.0,21.0,5.0,8.0,AB,,
SF11C47288612646684350,SF11E316757,58.612,-117.827,-7.0,,WF,20190522,,,,179241934970.1614,303.675776,358.337415,3447.570339,45485.522821,170.548099,56.749272,28.51748,815.770791,55.573683,73356.5220115011,19280.003475085585,9819.464149805039,,3121.92197,,10.0,7.0,8.0,9.0,12.0,80.0,40.0,,6.0,6.0,6.0,6.0,40.0,80.0,13.0,30.0,4.0,14.0,4.0,21.0,5.0,8.0,AB,,
SF11C47288712646684350,SF11E316757,58.563,-117.874,-7.0,,WF,20190522,,,,150618629492.3062,239.54386,282.661754,2692.183482,37287.584854,133.854789,44.376848,23.241048,637.917192,46.575626,61739.54974510276,16562.223983335687,7153.130824868283,,2686.349315,,10.0,7.0,8.0,9.0,12.0,80.0,40.0,,6.0,6.0,6.0,6.0,40.0,80.0,13.0,30.0,4.0,14.0,4.0,21.0,5.0,8.0,AB,,
SF11C47288812646684350,SF11E316757,58.52,-117.42,-7.0,,WF,20190522,,,,4423446445.627345,17.506692,20.657897,187.381814,3208.283184,9.550571,3.110128,1.954564,44.708085,4.343636,4359.049529085775,1675.0479529564916,319.40496008115184,,166.284624,,10.0,7.0,8.0,9.0,12.0,80.0,40.0,,6.0,6.0,6.0,6.0,40.0,80.0,13.0,30.0,4.0,14.0,4.0,21.0,5.0,8.0,AB,,
SF11C47288912646684350,SF11E316757,58.256,-117.416,-7.0,,WF,20190522,,,,281427075117.1625,713.559669,842.00041,8526.164569,84955.121287,411.270908,139.384878,55.391494,2003.657628,87.943796,197898.57096012935,24220.822325467278,32301.10875135299,,9391.842942,,10.0,7.0,8.0,9.0,12.0,80.0,40.0,,6.0,6.0,6.0,6.0,40.0,80.0,13.0,30.0,4.0,14.0,4.0,21.0,5.0,8.0,AB,,
SF11C47289012646684350,SF11E316757,58.49,-117.77,-7.0,,WF,20190522,,,,1229025373.357573,7.531742,8.887455,85.784457,1113.790974,4.236804,1.41144,0.699691,20.289447,1.35045,1811.6452361637832,464.39443588208866,249.57615129740898,,77.29950528,,10.0,7.0,8.0,9.0,12.0,80.0,40.0,,6.0,6.0,6.0,6.0,40.0,80.0,13.0,30.0,4.0,14.0,4.0,21.0,5.0,8.0,AB,,
SF11C47289112646684350,SF11E316757,58.601,-117.705,-7.0,,WF,20190522,,,,192485259961.84634,240.674556,283.995976,2582.39379,43778.828089,131.454336,42.846858,26.697089,615.923579,59.077922,58009.616322963644,22713.129179485008,4528.798724054266,,2207.340476,,10.0,7.0,8.0,9.0,12.0,80.0,40.0,,6.0,6.0,6.0,6.0,40.0,80.0,13.0,30.0,4.0,14.0,4.0,21.0,5.0,8.0,AB,,
SF11C47289212646684350,SF11E316757,58.487,-117.284,-7.0,,WF,20190522,,,,135477384922.84766,281.451396,332.112647,3284.28134,37567.343569,160.270192,53.860182,23.998625,774.240113,42.580779,74069.14901210448,13455.899453038997,11032.493972480592,,3659.635635,,10.0,7.0,8.0,9.0,12.0,80.0,40.0,,6.0,6.0,6.0,6.0,40.0,80.0,13.0,30.0,4.0,14.0,4.0,21.0,5.0,8.0,AB,,
SF11C47289312646684350,SF11E316757,58.336,-117.205,-7.0,,WF,20190522,,,,38823674920.10527,105.002757,123.903254,1252.134209,12631.364992,60.457543,20.475177,8.219895,294.330669,13.193926,28960.965605766876,3689.114691543626,4698.533249065016,,1353.027985,,10.0,7.0,8.0,9.0,12.0,80.0,40.0,,6.0,6.0,6.0,6.0,40.0,80.0,13.0,30.0,4.0,14.0,4.0,21.0,5.0,8.0,AB,,
SF11C47289412646684350,SF11E316757,58.57,-117.527,-7.0,,WF,20190522,,,,15725147048.751764,49.920619,58.90633,593.220349,6112.036834,28.69156,9.70493,3.964515,139.508369,6.480413,13600.983652506155,1856.5929446788648,2188.8300575474523,,677.7927627,,10.0,7.0,8.0,9.0,12.0,80.0,40.0,,6.0,6.0,6.0,6.0,40.0,80.0,13.0,30.0,4.0,14.0,4.0,21.0,5.0,8.0,AB,,
SF11C47289512646684350,SF11E316757,58.345,-117.57,-7.0,,WF,20190522,,,,1053683249.8960059,10.447251,12.327757,126.252979,1170.566548,6.056609,2.060919,0.772167,29.625704,1.145097,2972.6514025350357,284.1669437833219,503.7586876395481,,149.4839292,,10.0,7.0,8.0,9.0,12.0,80.0,40.0,,6.0,6.0,6.0,6.0,40.0,80.0,13.0,30.0,4.0,14.0,4.0,21.0,5.0,8.0,AB,,
SF11C47289612646684350,SF11E316757,58.56,-117.9,-7.0,,WF,20190522,,,,460492577.28229403,4.953295,5.844888,59.951761,550.242357,2.873867,0.97844,0.363585,14.065077,0.533677,1428.5013447264148,130.1613025470954,240.8441464728277,,74.74196459,,10.0,7.0,8.0,9.0,12.0,80.0,40.0,,6.0,6.0,6.0,6.0,40.0,80.0,13.0,30.0,4.0,14.0,4.0,21.0,5.0,8.0,AB,,
SF11C47289712646684350,SF11E316757,58.414,-117.666,-7.0,,WF,20190522,,,,45851924811.511856,81.280447,95.910928,908.79338,12894.514089,45.302369,14.990912,8.014409,215.494356,16.275052,20923.57100814327,5852.815675206055,2325.1532372488523,,886.8068492,,10.0,7.0,8.0,9.0,12.0,80.0,40.0,,6.0,6.0,6.0,6.0,40.0,80.0,13.0,30.0,4.0,14.0,4.0,21.0,5.0,8.0,AB,,
SF11C47289812646684350,SF11E321666,27.519,-108.685,-7.0,,WF,20190522,,,,536704204.13283813,1.592471,1.879116,15.705966,360.865339,0.83561,0.263895,0.214371,3.793494,0.529365,426.38402468738946,218.7459725802082,,,140.1038089,,10.0,7.0,8.0,9.0,12.0,80.0,40.0,,6.0,6.0,6.0,6.0,40.0,80.0,13.0,30.0,4.0,14.0,5.0,19.0,5.0,8.0,Unknown,,
SF11C47289912646684350,SF11E311028,32.214,-101.94,-5.0,,WF,20190522,,,,1285941436.9859083,2.437247,2.875951,24.03768,552.2975,1.278885,0.403887,0.328091,5.80587,0.810184,609.5204831749634,334.7866844059241,,,359.4889083,,10.0,7.0,8.0,9.0,12.0,80.0,40.0,,6.0,6.0,6.0,6.0,40.0,80.0,13.0,30.0,4.0,14.0,6.0,20.0,5.0,8.0,TX,,
SF11C47290012646684350,SF11E321715,32.19,-102.008,-5.0,,WF,20190522,,,,142127066.79710698,0.778639,0.918794,8.793314,119.020155,0.436144,0.144849,0.074388,2.0822,0.147148,189.88442935056972,51.7361300832407,24.170366305991283,,143.7955633,,10.0,7.0,8.0,9.0,12.0,80.0,40.0,,6.0,6.0,6.0,6.0,40.0,80.0,13.0,30.0,4.0,14.0,6.0,20.0,5.0,8.0,TX,,
SF11C47290112646684350,SF11E311052,31.364,-101.784,-5.0,,WF,20190522,,,,5783475983.888081,5.962412,7.035646,58.805108,1351.125171,3.128628,0.988057,0.802632,14.203317,1.982011,1446.896123466245,819.0123294836214,,,862.7733799,,10.0,7.0,8.0,9.0,12.0,80.0,40.0,,6.0,6.0,6.0,6.0,40.0,80.0,13.0,30.0,4.0,14.0,6.0,20.0,5.0,8.0,TX,,
SF11C47290212646684350,SF11E320638,29.109,-106.556,-7.0,,WF,20190522,,,,230631012.67618003,3.392003,4.002564,41.528415,352.38835,1.97974,0.676758,0.236045,9.728402,0.317974,1124.4799028911802,65.65556041859031,175.20630361604375,,38.53855522,,10.0,7.0,8.0,9.0,12.0,80.0,40.0,,6.0,6.0,6.0,6.0,40.0,80.0,13.0,30.0,4.0,14.0,6.0,20.0,5.0,8.0,Unknown,,
SF11C47290312646684350,SF11E311078,26.877,-101.412,-6.0,,WF,20190522,,,,215161775.564763,3.210017,3.78782,39.340816,331.395759,1.874525,0.641024,0.222275,9.214718,0.296856,1082.391310695103,60.12678876419338,166.68434142179635,,38.53855522,,10.0,7.0,8.0,9.0,12.0,80.0,40.0,,6.0,6.0,6.0,6.0,40.0,80.0,13.0,30.0,4.0,14.0,6.0,19.0,5.0,8.0,Unknown,,
SF11C47290412646684350,SF11E321619,33.42,-110.87,-7.0,,WF,20190522,,,,8525699.515535003,0.200088,0.236103,2.525203,16.893179,0.11865,0.040993,0.011861,0.589276,0.011184,1165.498902332246,0.12889870304076018,11.973854425109629,,49.23080506,,10.0,7.0,8.0,9.0,12.0,80.0,40.0,,6.0,6.0,6.0,6.0,40.0,80.0,13.0,30.0,4.0,14.0,5.0,19.0,5.0,8.0,AZ,,
SF11C47290512646684350,SF11E321657,31.643,-101.768,-5.0,,WF,20190522,,,,545411929.7653369,1.43973,1.698882,14.199536,326.253135,0.755463,0.238584,0.19381,3.429643,0.478592,344.11635613558303,197.7650494033273,,,215.693345,,10.0,7.0,8.0,9.0,12.0,80.0,40.0,,6.0,6.0,6.0,6.0,40.0,80.0,13.0,30.0,4.0,14.0,6.0,20.0,5.0,8.0,TX,,
SF11C47290612646684350,SF11E320576,27.489,-107.419,-7.0,,WF,20190522,,,,,,,,,,,,,,734.4999143060803,,,,840.6228535,,10.0,7.0,8.0,9.0,12.0,80.0,40.0,,6.0,6.0,6.0,6.0,40.0,80.0,13.0,30.0,4.0,14.0,6.0,20.0,5.0,8.0,Unknown,,
SF11C47290712646684350,SF11E321653,25.721,-100.304,-6.0,,WF,20190522,,,,,,,,,,,,,,118.07536737184287,,,,4.788902284,,10.0,7.0,8.0,9.0,12.0,80.0,40.0,,6.0,6.0,6.0,6.0,40.0,80.0,13.0,30.0,4.0,14.0,6.0,19.0,5.0,8.0,Unknown,,
SF11C47290812646684350,SF11E321727,26.119,-102.732,-6.0,,WF,20190522,,,,530362091.533403,6.697497,7.903047,82.066932,692.219567,3.910703,1.33724,0.464178,19.222826,0.620895,2251.3546028569895,126.20390663752765,347.44662352483437,,77.07711044,,10.0,7.0,8.0,9.0,12.0,80.0,40.0,,6.0,6.0,6.0,6.0,40.0,80.0,13.0,30.0,4.0,14.0,6.0,20.0,5.0,8.0,Unknown,,
SF11C47290912646684350,SF11E316757,58.28,-117.24,-7.0,,WF,20190522,,,,1367570857.188634,8.200232,9.676273,93.103246,1227.861975,4.605542,1.532523,0.769855,22.030022,1.499902,1971.7716394487434,520.2430299934988,265.32357992202077,,77.29950528,,10.0,7.0,8.0,9.0,12.0,80.0,40.0,,6.0,6.0,6.0,6.0,40.0,80.0,13.0,30.0,4.0,14.0,4.0,21.0,5.0,8.0,AB,,
SF11C47291012646684350,SF11E317850,57.173,-118.071,-7.0,,WF,20190522,,,,34869740234.2792,54.722838,64.572949,574.089968,10628.235898,29.565454,9.556529,6.427397,137.375105,14.743806,14242.982405845169,5812.582731489205,745.9856759654735,,582.7239095,,10.0,7.0,8.0,9.0,12.0,80.0,40.0,,6.0,6.0,6.0,6.0,40.0,80.0,13.0,30.0,4.0,14.0,4.0,21.0,5.0,8.0,AB,,
SF11C47291112646684350,SF11E321712,53.427,-103.583,-6.0,,WF,20190522,,,,1498461.908242,0.047186,0.055679,0.465378,10.692684,0.02476,0.007819,0.006352,0.112404,0.015685,9.688237446416357,6.481590779274196,,,4.151370401,,10.0,7.0,8.0,9.0,12.0,80.0,40.0,,6.0,6.0,6.0,6.0,40.0,80.0,13.0,30.0,4.0,14.0,5.0,21.0,5.0,8.0,SK,,
SF11C47291212646684350,SF11E320070,58.197,-120.505,-8.0,,WF,20190522,,,,1483645030.099045,6.353627,7.49728,67.87689,1171.006704,3.462959,1.126916,0.712879,16.199424,1.589328,1580.6187883313569,614.3014223898602,113.12604760062794,,74.60605663,,10.0,7.0,8.0,9.0,12.0,80.0,40.0,,6.0,6.0,6.0,6.0,40.0,80.0,13.0,30.0,4.0,14.0,3.0,21.0,5.0,8.0,BC,,
SF11C47291312646684350,SF11E317850,57.116,-117.858,-7.0,,WF,20190522,,,,7183031317.698732,20.268536,23.916872,199.901218,4592.994969,10.635413,3.358786,2.728457,48.282548,6.737618,5213.648716368358,2784.139447196638,,,177.9702375,,10.0,7.0,8.0,9.0,12.0,80.0,40.0,,6.0,6.0,6.0,6.0,40.0,80.0,13.0,30.0,4.0,14.0,4.0,21.0,5.0,8.0,AB,,
SF11C47291412646684350,SF11E317850,57.123,-118.165,-7.0,,WF,20190522,,,,3487604240.482467,10.671847,12.592779,105.252553,2418.316666,5.599788,1.768477,1.436595,25.421863,3.547509,2641.323572826382,1465.912969029498,,,88.98511875,,10.0,7.0,8.0,9.0,12.0,80.0,40.0,,6.0,6.0,6.0,6.0,40.0,80.0,13.0,30.0,4.0,14.0,4.0,21.0,5.0,8.0,AB,,
SF11C47291512646684350,SF11E318654,59.155,-113.971,-7.0,,WF,20190522,,,,2042762246.065981,11.795322,13.91848,137.035877,1605.58543,6.701779,2.248634,1.022277,32.32411,1.845154,2884.0783482902516,593.903606488056,449.2366181623764,,231.8985159,,10.0,7.0,8.0,9.0,12.0,80.0,40.0,,6.0,6.0,6.0,6.0,40.0,80.0,13.0,30.0,4.0,14.0,4.0,21.0,5.0,8.0,AB,,
SF11C47291612646684350,SF11E318654,59.173,-113.917,-7.0,,WF,20190522,,,,756428573.415681,4.564588,5.386214,51.874457,680.935308,2.564856,0.853766,0.427186,12.272893,0.829961,1097.6367181170447,287.1430058920009,148.76067013961784,,77.29950528,,10.0,7.0,8.0,9.0,12.0,80.0,40.0,,6.0,6.0,6.0,6.0,40.0,80.0,13.0,30.0,4.0,14.0,4.0,21.0,5.0,8.0,AB,,
SF11C47291712646684350,SF11E316757,58.6,-117.64,-7.0,,WF,20190522,,,,1113514800.110145,7.201647,8.497943,82.643215,1033.093144,4.066426,1.358362,0.652131,19.526459,1.229253,1736.6285487631553,413.3821625407275,252.05774871958386,,77.29950528,,10.0,7.0,8.0,9.0,12.0,80.0,40.0,,6.0,6.0,6.0,6.0,40.0,80.0,13.0,30.0,4.0,14.0,4.0,21.0,5.0,8.0,AB,,
SF11C47291812646684350,SF11E316757,58.55,-117.77,-7.0,,WF,20190522,,,,462584123.45264,4.96278,5.85608,60.053774,551.955222,2.879053,0.980132,0.364631,14.0894,0.535981,1428.4913417103257,131.04446384034,241.0279167086821,,74.74196459,,10.0,7.0,8.0,9.0,12.0,80.0,40.0,,6.0,6.0,6.0,6.0,40.0,80.0,13.0,30.0,4.0,14.0,4.0,21.0,5.0,8.0,AB,,
SF11C47291912646684350,SF11E321686,36.77,-82.41,-4.0,,WF,20190522,,,,209018836.88226002,0.721601,0.85149,7.32577,152.751534,0.383813,0.122546,0.091433,1.761594,0.218929,258.2739153087151,88.76613078264474,4.532469659833213,,77.5391975,,10.0,7.0,8.0,9.0,12.0,80.0,40.0,,6.0,6.0,6.0,6.0,40.0,80.0,13.0,30.0,4.0,14.0,5.0,20.0,5.0,8.0,VA,,
SF11C47292012646684350,SF11E312065,30.941,-88.015,-5.0,,WF,20190522,,,,100733567.33046299,1.551066,1.830258,19.340503,143.054399,0.913961,0.314443,0.098355,4.520116,0.110231,1021.244398772811,12.634149787305994,87.72784856571639,,174.6491412,,10.0,7.0,8.0,9.0,12.0,80.0,40.0,,6.0,6.0,6.0,6.0,40.0,80.0,13.0,30.0,4.0,14.0,5.0,19.0,5.0,8.0,AL,,
SF11C47292112646684350,SF11E321676,33.536,-86.76,-5.0,,WF,20190522,,,,,,,,,,,,,,1409.217874179287,,,,248.4595185,,10.0,7.0,8.0,9.0,12.0,80.0,40.0,,6.0,6.0,6.0,6.0,40.0,80.0,13.0,30.0,4.0,14.0,5.0,19.0,5.0,8.0,AL,,
SF11C47292212646684350,SF11E321705,52.165,-100.206,-6.0,,WF,20190522,,,,724560630.3921748,1.887102,2.22678,18.611802,427.630782,0.99021,0.31272,0.254033,4.495346,0.627306,858.3322863469925,259.2173340085314,,,221.3668845,,10.0,7.0,8.0,9.0,12.0,80.0,40.0,,6.0,6.0,6.0,6.0,40.0,80.0,13.0,30.0,4.0,14.0,5.0,21.0,5.0,8.0,MB,,
SF11C47292312646684350,SF11E320549,32.415,-101.638,-5.0,,WF,20190522,,,,15440.725486000001,0.004699,0.005544,0.054387,0.649849,0.002665,0.000893,0.000413,0.012835,0.000755,1.1405031378512396,0.24646352854274495,0.17461940936133197,,0.943942555,,10.0,7.0,8.0,9.0,12.0,80.0,40.0,,6.0,6.0,6.0,6.0,40.0,80.0,13.0,30.0,4.0,14.0,6.0,20.0,5.0,8.0,TX,,
SF11C47292412646684350,SF11E321704,32.65,-115.339,-7.0,,WF,20190522,,,,248355092.44773507,3.545418,4.183594,43.314087,373.099808,2.066988,0.706052,0.24925,10.149502,0.341639,1137.856724162335,73.21525512324598,181.1214225522862,,38.53855522,,10.0,7.0,8.0,9.0,12.0,80.0,40.0,,6.0,6.0,6.0,6.0,40.0,80.0,13.0,30.0,4.0,14.0,5.0,19.0,5.0,8.0,Unknown,,
SF11C47292512646684350,SF11E320158,30.635,-84.095,-4.0,,WF,20190522,,,,17406488093.646645,27.755416,32.751391,289.848257,5459.211565,14.962669,4.828183,3.29631,69.405129,7.611421,6906.575153842306,3014.079655514933,349.50163438554495,,560.7883648,,10.0,7.0,8.0,9.0,12.0,80.0,40.0,,6.0,6.0,6.0,6.0,40.0,80.0,13.0,30.0,4.0,14.0,6.0,19.0,5.0,8.0,FL,,
SF11C47292612646684350,SF11E321025,28.05,-81.409,-4.0,,WF,20190522,,,,127080725888.07492,125.71795,148.347181,1257.150537,27599.793767,66.394141,21.078068,16.452614,302.997221,40.062254,23514.500442368517,16414.287459726802,374.09454023353186,,1324.719592,,10.0,7.0,8.0,9.0,12.0,80.0,40.0,,6.0,6.0,6.0,6.0,40.0,80.0,13.0,30.0,4.0,14.0,6.0,19.0,5.0,8.0,FL,,
SF11C47292712646684350,SF11E321719,33.183,-80.425,-4.0,,WF,20190522,,,,6272004126.811359,15.845501,18.697691,170.436701,2860.787078,8.665006,2.826873,1.746278,40.636297,3.847715,3746.5143684004042,1474.692449185397,307.2234572116805,,384.1055463,,10.0,7.0,8.0,9.0,12.0,80.0,40.0,,6.0,6.0,6.0,6.0,40.0,80.0,13.0,30.0,4.0,14.0,5.0,19.0,5.0,8.0,SC,,
SF11C47292812646684350,SF11E321711,27.141,-81.368,-4.0,,WF,20190522,,,,6762442496.076983,16.756312,19.772449,179.331371,3071.73728,9.140745,2.976553,1.8713,42.787949,4.159341,3320.3022936379325,1604.1831018565942,305.30655771453297,,381.9656137,,10.0,7.0,8.0,9.0,12.0,80.0,40.0,,6.0,6.0,6.0,6.0,40.0,80.0,13.0,30.0,4.0,14.0,6.0,19.0,5.0,8.0,FL,,
SF11C47292912646684350,SF11E321682,32.493,-81.179,-4.0,,WF,20190522,,,,2139419467.6906922,13.875949,16.37362,168.346806,1520.778564,8.060641,2.746648,1.007592,39.483059,1.454864,4136.45857799642,344.7741923073996,683.381046034635,,370.1638607,,10.0,7.0,8.0,9.0,12.0,80.0,40.0,,6.0,6.0,6.0,6.0,40.0,80.0,13.0,30.0,4.0,14.0,5.0,19.0,5.0,8.0,SC,,
SF11C47293012646684350,SF11E321711,27.138,-81.329,-4.0,,WF,20190522,,,,1459127691.2894301,8.776222,10.355942,105.871452,992.999851,5.083219,1.728614,0.653781,24.84883,0.980736,3232.5617720507703,248.0081787580183,419.11515724056756,,373.0797042,,10.0,7.0,8.0,9.0,12.0,80.0,40.0,,6.0,6.0,6.0,6.0,40.0,80.0,13.0,30.0,4.0,14.0,6.0,19.0,5.0,8.0,FL,,
SF11C47293112646684350,SF11E321130,26.983,-80.143,-4.0,,WF,20190522,,,,1256735693.296136,8.844286,10.436258,108.023998,932.059389,5.155601,1.760927,0.622479,25.313329,0.854842,2927.33970417252,183.92559680433862,451.2570750886843,,373.0797042,,10.0,7.0,8.0,9.0,12.0,80.0,40.0,,6.0,6.0,6.0,6.0,40.0,80.0,13.0,30.0,4.0,14.0,5.0,19.0,5.0,8.0,FL,,
SF11C47293212646684350,SF11E321681,41.53,-75.48,-4.0,,WF,20190522,,,,1179946.0075190002,0.028669,0.03383,0.361424,2.441057,0.016991,0.005868,0.00171,0.084353,0.001642,81.49833588041948,0.0381907668554496,1.7070408414260454,,40.42891139,,10.0,7.0,8.0,9.0,12.0,80.0,40.0,,6.0,6.0,6.0,6.0,40.0,80.0,13.0,30.0,4.0,14.0,5.0,19.0,5.0,8.0,PA,,
SF11C47293312646684350,SF11E321695,43.514,-88.795,-5.0,,WF,20190522,,,,1813791943.1827888,5.436541,6.415118,53.618632,1231.959007,2.85269,0.900912,0.731842,12.950617,1.807202,802.0012161679468,746.7776218301434,,,123.7948538,,10.0,7.0,8.0,9.0,12.0,80.0,40.0,,6.0,6.0,6.0,6.0,40.0,80.0,13.0,30.0,4.0,14.0,4.0,19.0,5.0,8.0,WI,,
SF11C47293412646684350,SF11E321663,43.554,-88.937,-5.0,,WF,20190522,,,,134139528.65746799,0.402028,0.474393,3.965058,91.102449,0.210954,0.066622,0.054119,0.957688,0.133641,110.4471886756068,55.2235943378034,,,123.7948538,,10.0,7.0,8.0,9.0,12.0,80.0,40.0,,6.0,6.0,6.0,6.0,40.0,80.0,13.0,30.0,4.0,14.0,4.0,19.0,5.0,8.0,WI,,
SF11C47293512646684350,SF11E321684,53.087,-99.82,-6.0,,WF,20190522,,,,4247058397.5515375,14.024398,16.54879,144.856612,2840.913622,7.520823,2.416898,1.709268,34.742902,4.006304,2949.004514016552,1602.2586152843069,141.89240799038865,,181.7756604,,10.0,7.0,8.0,9.0,12.0,80.0,40.0,,6.0,6.0,6.0,6.0,40.0,80.0,13.0,30.0,4.0,14.0,5.0,21.0,5.0,8.0,MB,,
SF11C47293612646684350,SF11E321634,42.717,-73.855,-4.0,,WF,20190522,,,,13721224.426905002,0.264291,0.311864,3.316709,23.281904,0.156258,0.05388,0.01618,0.774528,0.016656,264.12816534971705,1.101160234556329,15.408588322408916,,74.22057224,,10.0,7.0,8.0,9.0,12.0,80.0,40.0,,6.0,6.0,6.0,6.0,40.0,80.0,13.0,30.0,4.0,14.0,4.0,19.0,5.0,8.0,NY,,
SF11C47293712646684350,SF11E321640,30.755,-86.827,-5.0,,WF,20190522,,,,26435965182.445282,34.218276,40.377566,354.724481,6865.208762,18.382,5.915293,4.135295,85.032344,9.645949,7578.292977656292,3845.549893611449,374.13864177547936,,755.045318,,10.0,7.0,8.0,9.0,12.0,80.0,40.0,,6.0,6.0,6.0,6.0,40.0,80.0,13.0,30.0,4.0,14.0,5.0,19.0,5.0,8.0,FL,,
SF11C47293812646684350,SF11E321633,34.164,-99.937,-5.0,,WF,20190522,,,,335819813.2302259,0.993735,1.172608,9.800851,225.187528,0.521438,0.164676,0.133772,2.36722,0.330335,253.07532292161335,136.50205489811557,,,143.7955633,,10.0,7.0,8.0,9.0,12.0,80.0,40.0,,6.0,6.0,6.0,6.0,40.0,80.0,13.0,30.0,4.0,14.0,6.0,20.0,5.0,8.0,TX,,
SF11C47293912646684350,SF11E321730,30.96,-98.611,-5.0,,WF,20190522,,,,821903415.6818031,2.432148,2.869935,23.987394,551.142122,1.27621,0.403042,0.327405,5.793724,0.808489,398.2319158297058,334.08621339134544,,,143.7955633,,10.0,7.0,8.0,9.0,12.0,80.0,40.0,,6.0,6.0,6.0,6.0,40.0,80.0,13.0,30.0,4.0,14.0,6.0,19.0,5.0,8.0,TX,,
SF11C47294012646684350,SF11E321728,40.861,-90.972,-5.0,,WF,20190522,,,,405463260.43874305,1.312234,1.548436,12.942085,297.361528,0.688562,0.217456,0.176647,3.125928,0.43621,207.19897295778503,180.25186954231563,,,60.40738144,,10.0,7.0,8.0,9.0,12.0,80.0,40.0,,6.0,6.0,6.0,6.0,40.0,80.0,13.0,30.0,4.0,14.0,5.0,19.0,5.0,8.0,IL,,
SF11C47294112646684350,SF11E321724,40.794,-89.626,-5.0,,WF,20190522,,,,11305.291026,0.002191,0.002585,0.021607,0.496446,0.00115,0.000363,0.000295,0.005219,0.000728,0.6018620004021404,0.3009310002010702,,,0.67459769,,10.0,7.0,8.0,9.0,12.0,80.0,40.0,,6.0,6.0,6.0,6.0,40.0,80.0,13.0,30.0,4.0,14.0,5.0,19.0,5.0,8.0,IL,,
SF11C47294212646684350,SF11E321700,40.971,-88.543,-5.0,,WF,20190522,,,,11305.291026,0.002191,0.002585,0.021607,0.496446,0.00115,0.000363,0.000295,0.005219,0.000728,0.6018620004021404,0.3009310002010702,,,0.67459769,,10.0,7.0,8.0,9.0,12.0,80.0,40.0,,6.0,6.0,6.0,6.0,40.0,80.0,13.0,30.0,4.0,14.0,5.0,19.0,5.0,8.0,IL,,
SF11C47294312646684350,SF11E321625,33.669,-89.623,-5.0,,WF,20190522,,,,1023069.4193419999,0.02084,0.024592,0.205542,4.722605,0.010936,0.003454,0.002805,0.049645,0.006928,5.725405184799635,2.8627025923998173,,,6.417326745,,10.0,7.0,8.0,9.0,12.0,80.0,40.0,,6.0,6.0,6.0,6.0,40.0,80.0,13.0,30.0,4.0,14.0,5.0,19.0,5.0,8.0,MS,,
SF11C47294412646684350,SF11E321668,30.107,-90.891,-5.0,,WF,20190522,,,,800937.3067140001,0.035294,0.041647,0.411481,4.729656,0.020089,0.006749,0.003019,0.097014,0.005376,8.647023017076531,1.705391474886928,1.3755687658829145,,6.906595399,,10.0,7.0,8.0,9.0,12.0,80.0,40.0,,6.0,6.0,6.0,6.0,40.0,80.0,13.0,30.0,4.0,14.0,5.0,19.0,5.0,8.0,LA,,
SF11C47294512646684350,SF11E321735,34.611,-84.901,-4.0,,WF,20190522,,,,7599446294.677434,14.603024,17.231568,144.024325,3309.149433,7.662576,2.41993,1.965792,34.786488,4.854302,2163.4962396944948,2005.9098081935301,,,353.2618527,,10.0,7.0,8.0,9.0,12.0,80.0,40.0,,6.0,6.0,6.0,6.0,40.0,80.0,13.0,30.0,4.0,14.0,6.0,20.0,5.0,8.0,GA,,
SF11C47294612646684350,SF11E321664,34.587,-88.212,-5.0,,WF,20190522,,,,1672707213.2056317,9.22272,10.882809,114.891381,856.191444,5.431778,1.868156,0.58778,26.854748,0.666299,5582.3909867202665,80.49142165935042,519.2847013348814,,788.2785207,,10.0,7.0,8.0,9.0,12.0,80.0,40.0,,6.0,6.0,6.0,6.0,40.0,80.0,13.0,30.0,4.0,14.0,5.0,19.0,5.0,8.0,MS,,
SF11C47294712646684350,SF11E321624,38.056,-91.398,-5.0,,WF,20190522,,,,56809.805455999995,0.001276,0.001506,0.016119,0.10695,0.000757,0.000262,7.5e-05,0.003761,7e-05,89.7164878400384,6.573101976899999e-05,0.07669707186599509,,73.03446641,,10.0,7.0,8.0,9.0,12.0,80.0,40.0,,6.0,6.0,6.0,6.0,40.0,80.0,13.0,30.0,4.0,14.0,5.0,19.0,5.0,8.0,MO,,
SF11C47294812646684350,SF11E319580,29.998,-90.401,-5.0,,WF,20190522,,,,,,,,,,,,,,756.4775574118022,,,,57.18265622,,10.0,7.0,8.0,9.0,12.0,80.0,40.0,,6.0,6.0,6.0,6.0,40.0,80.0,13.0,30.0,4.0,14.0,5.0,19.0,5.0,8.0,LA,,
SF11C47294912646684350,SF11E321639,41.615,-90.601,-5.0,,WF,20190522,,,,403622.38589299994,0.01323,0.015611,0.130479,2.997921,0.006942,0.002192,0.001781,0.031515,0.004398,3.5963818955634697,1.8172513667110164,,,3.988280849,,10.0,7.0,8.0,9.0,12.0,80.0,40.0,,6.0,6.0,6.0,6.0,40.0,80.0,13.0,30.0,4.0,14.0,5.0,19.0,5.0,8.0,IA,,
SF11C47295012646684350,SF11E318131,41.603,-71.435,-4.0,,WF,20190522,,,,,,,,,,,,,,126.48408642460343,,,,37.11028612,,10.0,7.0,8.0,9.0,12.0,80.0,40.0,,6.0,6.0,6.0,6.0,40.0,80.0,13.0,30.0,4.0,14.0,4.0,19.0,5.0,8.0,RI,,
SF11C47295112646684350,SF11E318980,58.953,-127.381,-8.0,,WF,20190522,,,,9729622697.923857,31.0772,36.671096,354.104353,4588.279722,17.485303,5.825871,2.883117,83.746902,5.557776,7628.795552616637,1909.0471929003106,1032.908683516313,,434.2185176,,10.0,7.0,8.0,9.0,12.0,80.0,40.0,,6.0,6.0,6.0,6.0,40.0,80.0,13.0,30.0,4.0,14.0,4.0,21.0,5.0,8.0,BC,,
SF11C47295212646684350,SF11E321651,51.991,-102.117,-6.0,,WF,20190522,,,,184412694.17559397,0.613418,0.723833,6.049919,139.004886,0.321876,0.101652,0.082575,1.461249,0.203911,130.13750928383863,84.2606801258806,,,53.96781521,,10.0,7.0,8.0,9.0,12.0,80.0,40.0,,6.0,6.0,6.0,6.0,40.0,80.0,13.0,30.0,4.0,14.0,5.0,21.0,5.0,8.0,SK,,
SF11C47295312646684350,SF11E321685,53.47,-103.494,-6.0,,WF,20190522,,,,93789561.945574,0.377488,0.445436,3.723027,85.541468,0.198077,0.062555,0.050816,0.89923,0.125484,77.18128296820683,51.8527262373162,,,33.21096321,,10.0,7.0,8.0,9.0,12.0,80.0,40.0,,6.0,6.0,6.0,6.0,40.0,80.0,13.0,30.0,4.0,14.0,5.0,21.0,5.0,8.0,SK,,
SF11C47295412646684350,SF11E321623,51.817,-105.626,-7.0,,WF,20190522,,,,1498461.908242,0.047186,0.055679,0.465378,10.692684,0.02476,0.007819,0.006352,0.112404,0.015685,10.927313895139951,6.481590779274196,,,4.151370401,,10.0,7.0,8.0,9.0,12.0,80.0,40.0,,6.0,6.0,6.0,6.0,40.0,80.0,13.0,30.0,4.0,14.0,5.0,21.0,5.0,8.0,SK,,
SF11C47295512646684350,SF11E321628,52.06,-102.452,-6.0,,WF,20190522,,,,112354553.801312,0.424674,0.501115,4.188405,96.234152,0.222837,0.070375,0.057168,1.011634,0.141169,89.93647955143989,58.33431701502907,,,37.36233361,,10.0,7.0,8.0,9.0,12.0,80.0,40.0,,6.0,6.0,6.0,6.0,40.0,80.0,13.0,30.0,4.0,14.0,5.0,21.0,5.0,8.0,SK,,
SF11C47295612646684350,SF11E320618,53.721,-101.285,-6.0,,WF,20190522,,,,73424633.51919502,0.330302,0.389756,3.257649,74.848785,0.173318,0.054736,0.044464,0.786826,0.109798,60.728584229939415,45.37113545960331,,,29.05959281,,10.0,7.0,8.0,9.0,12.0,80.0,40.0,,6.0,6.0,6.0,6.0,40.0,80.0,13.0,30.0,4.0,14.0,5.0,21.0,5.0,8.0,MB,,
SF11C47295712646684350,SF11E321722,34.046,-80.801,-4.0,,WF,20190522,,,,9754827078.989586,17.054533,20.124349,168.202675,3864.679001,8.948945,2.82618,2.295803,40.626334,5.669227,2571.265917257746,2342.655776163255,,,398.0472319,,10.0,7.0,8.0,9.0,12.0,80.0,40.0,,6.0,6.0,6.0,6.0,40.0,80.0,13.0,30.0,4.0,14.0,5.0,19.0,5.0,8.0,SC,,
SF11C47295812646684350,SF11E317303,34.448,-82.688,-4.0,,WF,20190522,,,,1309259701.798695,3.556934,4.197182,35.080751,806.026662,1.866413,0.589435,0.478818,8.473125,1.182387,597.741452899498,488.58975434997654,,,199.023616,,10.0,7.0,8.0,9.0,12.0,80.0,40.0,,6.0,6.0,6.0,6.0,40.0,80.0,13.0,30.0,4.0,14.0,5.0,20.0,5.0,8.0,SC,,
SF11C47295912646684350,SF11E321692,32.822,-85.204,-5.0,,WF,20190522,,,,5852337475.903274,16.110921,19.010887,162.765598,3451.365183,8.549591,2.724756,2.063074,39.16836,4.967578,2706.4323926642505,2021.214297294084,83.96359231604954,,232.0195975,,10.0,7.0,8.0,9.0,12.0,80.0,40.0,,6.0,6.0,6.0,6.0,40.0,80.0,13.0,30.0,4.0,14.0,5.0,19.0,5.0,8.0,AL,,
SF11C47296012646684350,SF11E321665,28.345,-81.711,-4.0,,WF,20190522,,,,22827592696.79539,35.09733,41.414849,364.539126,7005.386483,18.871601,6.077222,4.222354,87.360068,9.82337,6237.476913597538,3909.543525704228,398.9808106726389,,569.6742743,,10.0,7.0,8.0,9.0,12.0,80.0,40.0,,6.0,6.0,6.0,6.0,40.0,80.0,13.0,30.0,4.0,14.0,6.0,19.0,5.0,8.0,FL,,
SF11C47296112646684350,SF11E321635,30.537,-86.299,-5.0,,WF,20190522,,,,91017195115.7281,91.919942,108.465532,906.573058,20829.715514,48.232717,15.232448,12.373838,218.966434,30.555805,13067.180174930436,12626.3654483583,,,938.5433028,,10.0,7.0,8.0,9.0,12.0,80.0,40.0,,6.0,6.0,6.0,6.0,40.0,80.0,13.0,30.0,4.0,14.0,5.0,19.0,5.0,8.0,FL,,
SF11C47296212646684350,SF11E321717,36.162,-83.398,-4.0,,WF,20190522,,,,46383566.905080006,0.209512,0.247224,2.066336,47.476811,0.109936,0.034719,0.028203,0.499086,0.069645,41.689329445894494,28.77905884258723,,,28.94098222,,10.0,7.0,8.0,9.0,12.0,80.0,40.0,,6.0,6.0,6.0,6.0,40.0,80.0,13.0,30.0,4.0,14.0,5.0,20.0,5.0,8.0,TN,,
SF11C47296312646684350,SF11E321734,34.647,-77.231,-4.0,,WF,20190522,,,,77390185540.22612,91.059924,107.45071,955.35343,17682.717563,49.198906,15.903055,10.693792,228.606412,24.528385,17384.311798761082,9669.483088183366,1242.548985970012,,1378.613276,,10.0,7.0,8.0,9.0,12.0,80.0,40.0,,6.0,6.0,6.0,6.0,40.0,80.0,13.0,30.0,4.0,14.0,5.0,19.0,5.0,8.0,Unknown,,
SF11C47296412646684350,SF11E321656,34.648,-84.998,-4.0,,WF,20190522,,,,4303450060.053526,12.170209,14.360847,120.030362,2757.856374,6.386016,2.016778,1.638297,28.991177,4.045592,1750.5252367538387,1671.7320210256607,,,176.6309263,,10.0,7.0,8.0,9.0,12.0,80.0,40.0,,6.0,6.0,6.0,6.0,40.0,80.0,13.0,30.0,4.0,14.0,6.0,20.0,5.0,8.0,GA,,
SF11C47296512646684350,SF11E321647,26.741,-81.531,-4.0,,WF,20190522,,,,7695094848.250975,21.335646,25.176063,210.425743,4834.809871,11.195353,3.535621,2.872106,50.824558,7.092344,3014.4555943760824,2930.720716806666,,,187.7086606,,10.0,7.0,8.0,9.0,12.0,80.0,40.0,,6.0,6.0,6.0,6.0,40.0,80.0,13.0,30.0,4.0,14.0,6.0,19.0,5.0,8.0,FL,,
SF11C47296612646684350,SF11E321737,30.903,-84.789,-4.0,,WF,20190522,,,,4596428416.780922,12.999025,15.33885,128.204673,2945.671992,6.820917,2.154124,1.749869,30.965535,4.321105,1890.3808307313523,1785.5803382295924,,,176.6309263,,10.0,7.0,8.0,9.0,12.0,80.0,40.0,,6.0,6.0,6.0,6.0,40.0,80.0,13.0,30.0,4.0,14.0,6.0,20.0,5.0,8.0,GA,,
SF11C47296712646684350,SF11E321713,31.121,-84.311,-4.0,,WF,20190522,,,,546664472.0031539,2.503196,2.953771,27.803572,406.627429,1.39061,0.459055,0.251862,6.598912,0.519728,908.852420168078,189.39867708446204,67.60305220509193,,193.5230502,,10.0,7.0,8.0,9.0,12.0,80.0,40.0,,6.0,6.0,6.0,6.0,40.0,80.0,13.0,30.0,4.0,14.0,6.0,19.0,5.0,8.0,GA,,
SF11C47296812646684350,SF11E321648,34.041,-82.82,-4.0,,WF,20190522,,,,85198.44396,0.007962,0.009395,0.085886,1.424704,0.00436,0.001424,0.000871,0.020469,0.001909,1.9716769858872243,0.7287261761224095,0.15973677708584455,,1.991669371,,10.0,7.0,8.0,9.0,12.0,80.0,40.0,,6.0,6.0,6.0,6.0,40.0,80.0,13.0,30.0,4.0,14.0,5.0,19.0,5.0,8.0,GA,,
SF11C47296912646684350,SF11E321652,34.878,-85.498,-4.0,,WF,20190522,,,,5080178972.12556,10.745046,12.679154,109.844399,2235.394782,5.733992,1.83556,1.340732,26.386177,3.183818,2503.17738045663,1284.1197671769787,83.97386073661407,,366.1706378,,10.0,7.0,8.0,9.0,12.0,80.0,40.0,,6.0,6.0,6.0,6.0,40.0,80.0,13.0,30.0,4.0,14.0,6.0,20.0,5.0,8.0,GA,,
SF11C47297012646684350,SF11E321672,35.437,-86.027,-5.0,,WF,20190522,,,,368119558.519352,1.662936,1.962265,16.400936,376.833214,0.872585,0.275572,0.223857,3.961352,0.552789,241.3355615899507,228.42529098664343,,,28.94098222,,10.0,7.0,8.0,9.0,12.0,80.0,40.0,,6.0,6.0,6.0,6.0,40.0,80.0,13.0,30.0,4.0,14.0,5.0,19.0,5.0,8.0,TN,,
SF11C47297112646684350,SF11E321687,31.571,-82.113,-4.0,,WF,20190522,,,,1113964.3963400002,0.073119,0.08628,0.721145,16.569269,0.038367,0.012117,0.009843,0.17418,0.024306,11.304616043169494,10.043807151064907,,,1.991669371,,10.0,7.0,8.0,9.0,12.0,80.0,40.0,,6.0,6.0,6.0,6.0,40.0,80.0,13.0,30.0,4.0,14.0,5.0,19.0,5.0,8.0,GA,,
SF11C47297212646684350,SF11E321683,27.779,-82.205,-4.0,,WF,20190522,,,,6695301310.029557,18.898514,22.300246,206.82252,3229.116394,10.42233,3.421906,1.98584,49.189904,4.233408,4813.461533150597,1582.9801024038868,443.3872362998852,,373.0797042,,10.0,7.0,8.0,9.0,12.0,80.0,40.0,,6.0,6.0,6.0,6.0,40.0,80.0,13.0,30.0,4.0,14.0,6.0,19.0,5.0,8.0,FL,,
SF11C47297312646684350,SF11E321671,33.951,-86.258,-5.0,,WF,20190522,,,,70680161.01193899,1.083994,1.279113,13.460758,102.850544,0.63736,0.218963,0.07026,3.147596,0.082627,515.0555227306739,11.59330019780982,60.100658479789224,,87.32457059,,10.0,7.0,8.0,9.0,12.0,80.0,40.0,,6.0,6.0,6.0,6.0,40.0,80.0,13.0,30.0,4.0,14.0,5.0,19.0,5.0,8.0,AL,,
SF11C47297412646684350,SF11E320085,51.411,-99.169,-6.0,,WF,20190522,,,,1964255628.433533,13.4997,15.929646,161.062587,1619.741272,7.774758,2.633555,1.05456,37.857359,1.688087,3538.5486314890295,470.2408527152255,605.8408067616377,,261.9069933,,10.0,7.0,8.0,9.0,12.0,80.0,40.0,,6.0,6.0,6.0,6.0,40.0,80.0,13.0,30.0,4.0,14.0,5.0,20.0,5.0,8.0,MB,,
SF11C47297512646684350,SF11E321718,55.198,-111.066,-7.0,,WF,20190522,,,,4481509817.071589,16.627747,19.620741,176.284948,3134.288591,9.029261,2.929994,1.902575,42.118667,4.294922,4081.724349204863,1674.687319632685,266.71621052306176,,177.9702375,,10.0,7.0,8.0,9.0,12.0,80.0,40.0,,6.0,6.0,6.0,6.0,40.0,80.0,13.0,30.0,4.0,14.0,4.0,21.0,5.0,8.0,AB,,
SF11C47297612646684350,SF11E321680,32.588,-85.205,-5.0,,WF,20190522,,,,3199803458.3374124,10.652727,12.570217,113.771895,1965.055432,5.805309,1.888961,1.196141,27.153816,2.668037,2407.6033059362435,1031.5973465906472,188.95482132275703,,246.9966546,,10.0,7.0,8.0,9.0,12.0,80.0,40.0,,6.0,6.0,6.0,6.0,40.0,80.0,13.0,30.0,4.0,14.0,5.0,19.0,5.0,8.0,AL,,
SF11C47297712646684350,SF11E321660,32.161,-81.194,-4.0,,WF,20190522,,,,38338566.283828,0.715354,0.844117,9.012872,61.18218,0.423822,0.146342,0.042821,2.103668,0.041514,1613.3797579094369,1.216302863613396,42.47823506108739,,189.5397114,,10.0,7.0,8.0,9.0,12.0,80.0,40.0,,6.0,6.0,6.0,6.0,40.0,80.0,13.0,30.0,4.0,14.0,5.0,19.0,5.0,8.0,GA,,
SF11C47297812646684350,SF11E321659,30.925,-84.541,-4.0,,WF,20190522,,,,419622356.893812,5.197107,6.132587,64.108425,515.167797,3.045171,1.043722,0.348545,15.003505,0.439054,2002.7758878536465,76.79644247952714,278.86178752582566,,189.5397114,,10.0,7.0,8.0,9.0,12.0,80.0,40.0,,6.0,6.0,6.0,6.0,40.0,80.0,13.0,30.0,4.0,14.0,6.0,19.0,5.0,8.0,GA,,
SF11C47297912646684350,SF11E320146,31.379,-84.224,-4.0,,WF,20190522,,,,333166336.096185,3.646799,4.303223,45.758191,321.617576,2.155935,0.74336,0.223444,10.685807,0.230531,3572.4721003781938,15.544595638018716,212.4600288838244,,379.0794229,,10.0,7.0,8.0,9.0,12.0,80.0,40.0,,6.0,6.0,6.0,6.0,40.0,80.0,13.0,30.0,4.0,14.0,6.0,19.0,5.0,8.0,GA,,
SF11C47298012646684350,SF11E321701,33.739,-84.951,-4.0,,WF,20190522,,,,154129093.79870304,2.30632,2.721458,28.757588,212.727548,1.358984,0.467549,0.146255,6.721015,0.163938,1333.8426536596726,18.801635420391857,130.43801649783205,,189.5397114,,10.0,7.0,8.0,9.0,12.0,80.0,40.0,,6.0,6.0,6.0,6.0,40.0,80.0,13.0,30.0,4.0,14.0,6.0,20.0,5.0,8.0,GA,,
SF11C47298112646684350,SF11E321720,47.915,-117.906,-7.0,,WF,20190522,,,,2484447.131591,0.078681,0.092843,0.991911,6.698489,0.04663,0.016104,0.004693,0.231501,0.004506,225.09971810382027,0.10410997170934136,4.685098591465967,,27.29773144,,10.0,7.0,8.0,9.0,12.0,80.0,40.0,,6.0,6.0,6.0,6.0,40.0,80.0,13.0,30.0,4.0,14.0,4.0,20.0,5.0,8.0,WA,,
SF11C47298212646684350,SF11E321099,28.986,-82.242,-4.0,,WF,20190522,,,,132984794784.3265,143.203489,168.980117,1412.364082,32450.933518,75.14249,23.730864,19.277393,341.131169,47.603358,23496.352027632875,19670.809251522365,,,763.9312275,,10.0,7.0,8.0,9.0,12.0,80.0,40.0,,6.0,6.0,6.0,6.0,40.0,80.0,13.0,30.0,4.0,14.0,6.0,19.0,5.0,8.0,FL,,
SF11C47298312646684350,SF11E321643,33.479,-87.267,-5.0,,WF,20190522,,,,58856747.853752,0.989224,1.167285,12.339892,90.973783,0.583023,0.200615,0.062589,2.883836,0.069793,586.4246219209168,7.805617898469517,56.06058123327581,,82.8198395,,10.0,7.0,8.0,9.0,12.0,80.0,40.0,,6.0,6.0,6.0,6.0,40.0,80.0,13.0,30.0,4.0,14.0,5.0,19.0,5.0,8.0,AL,,
SF11C47298412646684350,SF11E321631,28.968,-82.307,-4.0,,WF,20190522,,,,544406051.815274,6.298843,7.432635,77.329898,643.395686,3.681586,1.259743,0.43251,18.108803,0.569116,2190.3678018973333,111.36350972863998,329.97335065594643,,186.5398521,,10.0,7.0,8.0,9.0,12.0,80.0,40.0,,6.0,6.0,6.0,6.0,40.0,80.0,13.0,30.0,4.0,14.0,6.0,19.0,5.0,8.0,FL,,
SF11C47298512646684350,SF11E321690,53.376,-106.218,-7.0,,WF,20190522,,,,1498461.908242,0.047186,0.055679,0.465378,10.692684,0.02476,0.007819,0.006352,0.112404,0.015685,9.49747496897717,6.481590779274196,,,4.151370401,,10.0,7.0,8.0,9.0,12.0,80.0,40.0,,6.0,6.0,6.0,6.0,40.0,80.0,13.0,30.0,4.0,14.0,5.0,21.0,5.0,8.0,SK,,
SF11C47298612646684350,SF11E321697,32.715,-81.113,-4.0,,WF,20190522,,,,687199106.6942011,6.615028,7.805733,82.379838,615.46753,3.895308,1.339567,0.422309,19.256272,0.480553,3576.276886918037,59.04146337666672,371.8860117858484,,370.1638607,,10.0,7.0,8.0,9.0,12.0,80.0,40.0,,6.0,6.0,6.0,6.0,40.0,80.0,13.0,30.0,4.0,14.0,5.0,19.0,5.0,8.0,SC,,
SF11C47298712646684350,SF11E321698,51.379,-104.029,-6.0,,WF,20190522,,,,23975400.187264998,0.188744,0.222718,1.861513,42.770734,0.099039,0.031278,0.025408,0.449615,0.062742,42.45049359300809,25.92636311085153,,,16.6054816,,10.0,7.0,8.0,9.0,12.0,80.0,40.0,,6.0,6.0,6.0,6.0,40.0,80.0,13.0,30.0,4.0,14.0,5.0,21.0,5.0,8.0,SK,,
SF11C47298812646684350,SF11E319994,35.927,-86.54,-5.0,,WF,20190522,,,,968830231.9588232,2.975781,3.511422,29.349049,674.333237,1.561468,0.493129,0.400586,7.088736,0.989202,449.51290067384014,408.76111503685246,,,86.82294667,,10.0,7.0,8.0,9.0,12.0,80.0,40.0,,6.0,6.0,6.0,6.0,40.0,80.0,13.0,30.0,4.0,14.0,5.0,19.0,5.0,8.0,TN,,
SF11C47298912646684350,SF11E321641,26.558,-99.034,-5.0,,WF,20190522,,,,12103027924.60177,16.091671,18.988172,161.084108,3523.902963,8.502566,2.700384,2.101231,38.818025,5.110741,3020.3388878751252,2092.5172929150913,51.59611030384183,,575.1822532,,10.0,7.0,8.0,9.0,12.0,80.0,40.0,,6.0,6.0,6.0,6.0,40.0,80.0,13.0,30.0,4.0,14.0,6.0,19.0,5.0,8.0,TX,,
SF11C47299012646684350,SF11E321696,31.994,-100.271,-5.0,,WF,20190522,,,,564684066.171846,1.490603,1.758912,14.701277,337.781293,0.782157,0.247014,0.200658,3.550829,0.495503,300.97163607448243,204.75308239463732,,,215.693345,,10.0,7.0,8.0,9.0,12.0,80.0,40.0,,6.0,6.0,6.0,6.0,40.0,80.0,13.0,30.0,4.0,14.0,6.0,20.0,5.0,8.0,TX,,
SF11C47299112646684350,SF11E321733,32.165,-100.152,-5.0,,WF,20190522,,,,995956101.031485,2.947213,3.477712,29.067296,667.859592,1.546477,0.488395,0.39674,7.020683,0.979706,468.98270138437624,404.8369989460158,,,143.7955633,,10.0,7.0,8.0,9.0,12.0,80.0,40.0,,6.0,6.0,6.0,6.0,40.0,80.0,13.0,30.0,4.0,14.0,6.0,20.0,5.0,8.0,TX,,
SF11C47299212646684350,SF11E321677,38.002,-91.632,-5.0,,WF,20190522,,,,1103459748.868904,3.344627,3.94666,32.986844,757.916385,1.75501,0.554252,0.450238,7.967379,1.111813,504.74721508031274,459.4267859988064,,,101.5949063,,10.0,7.0,8.0,9.0,12.0,80.0,40.0,,6.0,6.0,6.0,6.0,40.0,80.0,13.0,30.0,4.0,14.0,5.0,19.0,5.0,8.0,MO,,
SF11C47299312646684350,SF11E321693,26.838,-82.214,-4.0,,WF,20190522,,,,31110685193.132706,37.150191,43.837225,377.198868,7861.714121,19.760985,6.309677,4.705956,90.701608,11.266492,6329.957528752313,4567.644402644032,234.35191647708209,,757.3829349,,10.0,7.0,8.0,9.0,12.0,80.0,40.0,,6.0,6.0,6.0,6.0,40.0,80.0,13.0,30.0,4.0,14.0,6.0,19.0,5.0,8.0,FL,,
SF11C47299412646684350,SF11E318065,30.353,-82.399,-4.0,,WF,20190522,,,,13033865754.943323,30.681443,36.204102,323.477729,5876.299036,16.616133,5.380817,3.559862,77.349248,8.105697,5663.557064486469,3179.4810348805363,453.0315083514605,,374.2485127,,10.0,7.0,8.0,9.0,12.0,80.0,40.0,,6.0,6.0,6.0,6.0,40.0,80.0,13.0,30.0,4.0,14.0,6.0,19.0,5.0,8.0,FL,,
SF11C47299512646684350,SF11E321669,41.679,-85.696,-5.0,,WF,20190522,,,,48103372.07151199,0.163249,0.192634,1.610068,36.993435,0.085661,0.027053,0.021976,0.388883,0.054267,44.848639843634764,22.424319921817382,,,50.26864766,,10.0,7.0,8.0,9.0,12.0,80.0,40.0,,6.0,6.0,6.0,6.0,40.0,80.0,13.0,30.0,4.0,14.0,5.0,20.0,5.0,8.0,IN,,
SF11C47299612646684350,SF11E321669,41.645,-85.712,-5.0,,WF,20190522,,,,305201323.588811,0.925528,1.092123,9.128144,209.731192,0.485648,0.153373,0.12459,2.204739,0.307662,171.98152772875656,127.13288789404359,,,100.5372953,,10.0,7.0,8.0,9.0,12.0,80.0,40.0,,6.0,6.0,6.0,6.0,40.0,80.0,13.0,30.0,4.0,14.0,5.0,20.0,5.0,8.0,IN,,
SF11C47299712646684350,SF11E321716,41.988,-84.987,-4.0,,WF,20190522,,,,696961828.507119,2.08888,2.464878,20.601866,473.355126,1.096088,0.346157,0.281195,4.976011,0.69438,342.15765932043473,286.93406498263136,,,123.7948538,,10.0,7.0,8.0,9.0,12.0,80.0,40.0,,6.0,6.0,6.0,6.0,40.0,80.0,13.0,30.0,4.0,14.0,5.0,20.0,5.0,8.0,MI,,
SF11C47299812646684350,SF11E321649,32.239,-85.822,-5.0,,WF,20190522,,,,436419350.389066,1.257539,1.483896,12.402648,284.967248,0.659862,0.208392,0.169284,2.995637,0.418028,247.46545068376525,172.73887952852505,,,165.639679,,10.0,7.0,8.0,9.0,12.0,80.0,40.0,,6.0,6.0,6.0,6.0,40.0,80.0,13.0,30.0,4.0,14.0,5.0,19.0,5.0,8.0,AL,,
SF11C47299912646684350,SF11E321620,41.179,-87.857,-5.0,,WF,20190522,,,,101748.73238400002,0.006572,0.007755,0.064821,1.489339,0.003449,0.001089,0.000885,0.015656,0.002185,1.805586001206421,0.9027930006032105,,,2.02379307,,10.0,7.0,8.0,9.0,12.0,80.0,40.0,,6.0,6.0,6.0,6.0,40.0,80.0,13.0,30.0,4.0,14.0,4.0,19.0,5.0,8.0,IL,,
SF11C47300012646684350,SF11E321621,31.236,-84.347,-4.0,,WF,20190522,,,,1479708904.995484,7.057855,8.328268,78.881818,1121.311764,3.932971,1.30126,0.696786,18.705615,1.416403,1613.608636794935,509.7944393006308,201.21160240959858,,191.5313808,,10.0,7.0,8.0,9.0,12.0,80.0,40.0,,6.0,6.0,6.0,6.0,40.0,80.0,13.0,30.0,4.0,14.0,6.0,19.0,5.0,8.0,GA,,
SF11C47300112646684350,SF11E321655,41.707,-85.823,-5.0,,WF,20190522,,,,48103372.07151199,0.163249,0.192634,1.610068,36.993435,0.085661,0.027053,0.021976,0.388883,0.054267,44.848639843634764,22.424319921817382,,,50.26864766,,10.0,7.0,8.0,9.0,12.0,80.0,40.0,,6.0,6.0,6.0,6.0,40.0,80.0,13.0,30.0,4.0,14.0,5.0,20.0,5.0,8.0,IN,,
SF11C47300212646684350,SF11E321655,41.73,-85.792,-4.0,,WF,20190522,,,,158501257.951032,0.537911,0.634735,5.305218,121.894402,0.282255,0.089139,0.072411,1.28138,0.178811,96.31312680449042,73.88880688267304,,,50.26864766,,10.0,7.0,8.0,9.0,12.0,80.0,40.0,,6.0,6.0,6.0,6.0,40.0,80.0,13.0,30.0,4.0,14.0,5.0,20.0,5.0,8.0,IN,,
SF11C47300312646684350,SF11E321726,32.466,-109.92,-7.0,,WF,20190522,,,,67643762.778237,0.742136,0.87572,9.018994,80.552943,0.431488,0.147116,0.053474,2.114799,0.076287,222.91331304946613,17.686073553149185,36.87956847845028,,95.61248507,,10.0,7.0,8.0,9.0,12.0,80.0,40.0,,6.0,6.0,6.0,6.0,40.0,80.0,13.0,30.0,4.0,14.0,5.0,19.0,5.0,8.0,AZ,,
SF11C47300412646684350,SF11E321694,32.471,-109.977,-7.0,,WF,20190522,,,,158208378.071541,1.413922,1.668428,16.976971,164.094481,0.816973,0.277361,0.107509,3.987064,0.166006,409.2900986105045,43.91222219279257,65.79134991024219,,170.6114393,,10.0,7.0,8.0,9.0,12.0,80.0,40.0,,6.0,6.0,6.0,6.0,40.0,80.0,13.0,30.0,4.0,14.0,5.0,19.0,5.0,8.0,AZ,,
SF11C47300512646684350,SF11E321714,33.731,-116.987,-7.0,,WF,20190522,,,,24651507.454611,0.274128,0.323471,3.302324,31.25365,0.158662,0.053928,0.020547,0.775221,0.031095,76.08778236104395,7.974547287758422,12.991414710007621,,46.99944347,,10.0,7.0,8.0,9.0,12.0,80.0,40.0,,6.0,6.0,6.0,6.0,40.0,80.0,13.0,30.0,4.0,14.0,5.0,19.0,5.0,8.0,CA,,
SF11C47300612646684350,SF11E321705,52.103,-100.217,-6.0,,WF,20190522,,,,499291100.78042203,4.389155,5.179203,52.288407,530.639319,2.525879,0.855142,0.344995,12.292666,0.556652,1142.6633979025983,156.7483457523738,195.28782127208385,,87.30233111,,10.0,7.0,8.0,9.0,12.0,80.0,40.0,,6.0,6.0,6.0,6.0,40.0,80.0,13.0,30.0,4.0,14.0,5.0,21.0,5.0,8.0,MB,,
SF11C47300712646684350,SF11E321703,52.176,-103.102,-6.0,,WF,20190522,,,,868265890.1509292,7.006844,8.268076,83.243802,858.937445,4.026633,1.361891,0.557016,19.577183,0.911638,1937.7980358520288,261.6041293627701,306.7800512765444,,163.2180463,,10.0,7.0,8.0,9.0,12.0,80.0,40.0,,6.0,6.0,6.0,6.0,40.0,80.0,13.0,30.0,4.0,14.0,5.0,21.0,5.0,8.0,SK,,
SF11C47300812646684350,SF11E321115,51.063,-99.08,-6.0,,WF,20190522,,,,1927036139.5874007,10.707262,12.634569,125.637453,1393.424302,6.114328,2.058851,0.894036,29.595987,1.55037,2747.3606322781743,477.52506804295984,434.75709893876757,,285.2881045,,10.0,7.0,8.0,9.0,12.0,80.0,40.0,,6.0,6.0,6.0,6.0,40.0,80.0,13.0,30.0,4.0,14.0,5.0,20.0,5.0,8.0,MB,,
SF11C47300912646684350,SF11E320085,51.392,-99.208,-6.0,,WF,20190522,,,,503582548.549339,4.516328,5.329267,53.906736,540.688158,2.601622,0.881386,0.352169,12.669926,0.562422,1186.2644763641938,156.16853631244683,203.18786369088235,,87.30233111,,10.0,7.0,8.0,9.0,12.0,80.0,40.0,,6.0,6.0,6.0,6.0,40.0,80.0,13.0,30.0,4.0,14.0,5.0,20.0,5.0,8.0,MB,,
SF11C47301012646684350,SF11E321662,43.015,-85.745,-4.0,,WF,20190522,,,,182439.22752400005,0.003944,0.004654,0.049821,0.330458,0.00234,0.000809,0.000232,0.011625,0.000216,397.51794607888127,0.000141126133332,0.2370581080026726,,123.7948538,,10.0,7.0,8.0,9.0,12.0,80.0,40.0,,6.0,6.0,6.0,6.0,40.0,80.0,13.0,30.0,4.0,14.0,5.0,20.0,5.0,8.0,MI,,
SF11C47301112646684350,SF11E321150,33.231,-87.509,-5.0,,WF,20190522,,,,157049742.132963,2.241467,2.644931,27.83524,212.606609,1.317956,0.452787,0.145248,6.508814,0.170727,1246.594897009123,23.90885056951328,124.30320215199555,,174.6491412,,10.0,7.0,8.0,9.0,12.0,80.0,40.0,,6.0,6.0,6.0,6.0,40.0,80.0,13.0,30.0,4.0,14.0,5.0,19.0,5.0,8.0,AL,,
SF11C47301212646684350,SF11E321699,27.609,-82.057,-4.0,,WF,20190522,,,,1544764361.2141986,9.807005,11.572266,118.99551,1074.095271,5.697314,1.941431,0.71174,27.908066,1.026815,3568.309020877124,242.96751205273856,483.29758887547604,,380.7968053,,10.0,7.0,8.0,9.0,12.0,80.0,40.0,,6.0,6.0,6.0,6.0,40.0,80.0,13.0,30.0,4.0,14.0,6.0,19.0,5.0,8.0,FL,,
SF11C47301312646684350,SF11E321632,32.313,-90.133,-5.0,,WF,20190522,,,,12973488.425505001,0.240428,0.283705,3.024667,20.796751,0.142333,0.049121,0.014516,0.706111,0.014407,552.0925187859767,0.6334241832495633,14.178537851751917,,175.1730046,,10.0,7.0,8.0,9.0,12.0,80.0,40.0,,6.0,6.0,6.0,6.0,40.0,80.0,13.0,30.0,4.0,14.0,5.0,19.0,5.0,8.0,MS,,
SF11C47301412646684350,SF11E321638,31.006,-84.603,-4.0,,WF,20190522,,,,1420793599.3262212,11.048374,13.037081,136.001281,1109.866864,6.466584,2.214772,0.748744,31.837347,0.961936,4054.8437212834165,177.38233450577349,586.6419583035126,,379.0794229,,10.0,7.0,8.0,9.0,12.0,80.0,40.0,,6.0,6.0,6.0,6.0,40.0,80.0,13.0,30.0,4.0,14.0,6.0,20.0,5.0,8.0,GA,,
SF11C47301512646684350,SF11E321678,26.932,-80.256,-4.0,,WF,20190522,,,,17181430585.327538,31.040042,36.627249,306.136673,7033.895119,16.287494,5.143778,4.178467,73.941813,10.318256,5527.267166583201,4263.742113319461,,,381.9656137,,10.0,7.0,8.0,9.0,12.0,80.0,40.0,,6.0,6.0,6.0,6.0,40.0,80.0,13.0,30.0,4.0,14.0,6.0,19.0,5.0,8.0,FL,,
SF11C47301612646684350,SF11E320155,36.065,-86.438,-5.0,,WF,20190522,,,,107624355.402489,1.630124,1.923546,20.239607,154.81475,0.9584,0.329239,0.105736,4.732813,0.124541,798.2667711368088,17.57535579585254,90.31836258475116,,100.5372953,,10.0,7.0,8.0,9.0,12.0,80.0,40.0,,6.0,6.0,6.0,6.0,40.0,80.0,13.0,30.0,4.0,14.0,5.0,19.0,5.0,8.0,TN,,
SF11C47301712646684350,SF11E321708,32.587,-80.959,-4.0,,WF,20190522,,,,1263435677.283052,10.295787,12.149029,126.963822,1022.583447,6.031706,2.067125,0.691551,29.714923,0.873691,3937.9941746675695,154.0658730698213,551.5986420439505,,370.1638607,,10.0,7.0,8.0,9.0,12.0,80.0,40.0,,6.0,6.0,6.0,6.0,40.0,80.0,13.0,30.0,4.0,14.0,5.0,19.0,5.0,8.0,SC,,
SF11C47301812646684350,SF11E319990,30.697,-85.267,-5.0,,WF,20190522,,,,1767430865.464538,7.147924,8.434551,77.663103,1250.348613,3.928075,1.286266,0.76647,18.490075,1.65761,1632.345944723078,626.6216963733914,155.49053954108152,,195.3812826,,10.0,7.0,8.0,9.0,12.0,80.0,40.0,,6.0,6.0,6.0,6.0,40.0,80.0,13.0,30.0,4.0,14.0,5.0,19.0,5.0,8.0,FL,,
SF11C47301912646684350,SF11E321654,32.851,-91.761,-5.0,,WF,20190522,,,,4740070.705677001,0.044859,0.052933,0.442426,10.16533,0.023539,0.007434,0.006039,0.10686,0.014912,12.323840964863727,6.161920482431864,,,13.8131908,,10.0,7.0,8.0,9.0,12.0,80.0,40.0,,6.0,6.0,6.0,6.0,40.0,80.0,13.0,30.0,4.0,14.0,5.0,19.0,5.0,8.0,LA,,
SF11C47302012646684350,SF11E321732,52.125,-106.121,-7.0,,WF,20190522,,,,5993850.049704,0.094372,0.111359,0.930757,21.385367,0.049519,0.015639,0.012704,0.224808,0.031371,21.677532205392666,12.963181558548392,,,8.302740802,,10.0,7.0,8.0,9.0,12.0,80.0,40.0,,6.0,6.0,6.0,6.0,40.0,80.0,13.0,30.0,4.0,14.0,5.0,21.0,5.0,8.0,SK,,
SF11C47302112646684350,SF11E321637,51.448,-103.482,-6.0,,WF,20190522,,,,13486157.167714,0.141558,0.167038,1.396135,32.078051,0.074279,0.023458,0.019056,0.337211,0.047056,31.858018692483533,19.444772333138644,,,12.4541112,,10.0,7.0,8.0,9.0,12.0,80.0,40.0,,6.0,6.0,6.0,6.0,40.0,80.0,13.0,30.0,4.0,14.0,5.0,21.0,5.0,8.0,SK,,
SF11C47302212646684350,SF11E321736,51.494,-103.018,-6.0,,WF,20190522,,,,5993850.049704,0.094372,0.111359,0.930757,21.385367,0.049519,0.015639,0.012704,0.224808,0.031371,21.77831168691594,12.963181558548392,,,8.302740802,,10.0,7.0,8.0,9.0,12.0,80.0,40.0,,6.0,6.0,6.0,6.0,40.0,80.0,13.0,30.0,4.0,14.0,5.0,21.0,5.0,8.0,SK,,
SF11C47302312646684350,SF11E320618,53.757,-101.273,-6.0,,WF,20190522,,,,4589041.443356,0.082575,0.097439,0.814412,18.712196,0.043329,0.013684,0.011116,0.196707,0.02745,15.150621220050226,11.342783862558857,,,7.264898201,,10.0,7.0,8.0,9.0,12.0,80.0,40.0,,6.0,6.0,6.0,6.0,40.0,80.0,13.0,30.0,4.0,14.0,5.0,21.0,5.0,8.0,MB,,
SF11C47302412646684350,SF11E321721,40.981,-91.524,-5.0,,WF,20190522,,,,175624.76123099998,0.008635,0.010189,0.085161,1.95669,0.004531,0.001431,0.001162,0.020569,0.00287,2.372174039064724,1.186087019532362,,,2.6588539,,10.0,7.0,8.0,9.0,12.0,80.0,40.0,,6.0,6.0,6.0,6.0,40.0,80.0,13.0,30.0,4.0,14.0,5.0,19.0,5.0,8.0,IA,,
SF11C47302512646684350,SF11E321644,52.352,-106.371,-7.0,,WF,20190522,,,,5993850.049704,0.094372,0.111359,0.930757,21.385367,0.049519,0.015639,0.012704,0.224808,0.031371,21.711051291614567,12.963181558548392,,,8.302740802,,10.0,7.0,8.0,9.0,12.0,80.0,40.0,,6.0,6.0,6.0,6.0,40.0,80.0,13.0,30.0,4.0,14.0,5.0,21.0,5.0,8.0,SK,,
SF11C47302612646684350,SF11E321036,34.988,-79.483,-4.0,,WF,20190522,,,,156245687.76060098,2.311705,2.727812,28.665599,221.428011,1.358218,0.466381,0.150943,6.704224,0.180276,1041.4001940339697,26.73421808457963,127.28953123491516,,103.141786,,10.0,7.0,8.0,9.0,12.0,80.0,40.0,,6.0,6.0,6.0,6.0,40.0,80.0,13.0,30.0,4.0,14.0,5.0,19.0,5.0,8.0,NC,,
SF11C47302712646684350,SF11E321675,60.026,-134.52,-8.0,,WF,20190522,,,,262712858.02466,0.829097,0.978335,8.177086,187.87936,0.435048,0.137393,0.111609,1.975028,0.275607,157.80859293398902,113.88695131608532,,,72.94303742,,10.0,7.0,8.0,9.0,12.0,80.0,40.0,,6.0,6.0,6.0,6.0,40.0,80.0,13.0,30.0,4.0,14.0,4.0,22.0,5.0,8.0,YT,,
SF11C47302812646684350,SF11E321626,25.287,-101.319,-6.0,,WF,20190522,,,,,,,,,,,,,,100.74180989410894,,,,4.788902284,,10.0,7.0,8.0,9.0,12.0,80.0,40.0,,6.0,6.0,6.0,6.0,40.0,80.0,13.0,30.0,4.0,14.0,6.0,19.0,5.0,8.0,Unknown,,
SF11C47302912646684350,SF11E321673,26.405,-106.676,-7.0,,WF,20190522,,,,896386140.053578,2.388707,2.818674,23.558948,541.298009,1.253415,0.395843,0.321557,5.690241,0.794048,586.6163871824988,328.118958948378,,,210.1557134,,10.0,7.0,8.0,9.0,12.0,80.0,40.0,,6.0,6.0,6.0,6.0,40.0,80.0,13.0,30.0,4.0,14.0,6.0,20.0,5.0,8.0,Unknown,,
SF11C47303012646684350,SF11E321674,26.757,-108.501,-7.0,,WF,20190522,,,,894631903.7228471,7.031343,8.296985,83.532199,862.078108,4.040646,1.366615,0.559037,19.645091,0.915093,2284.6019721900248,262.6508899868459,307.7949397699556,,178.6423641,,10.0,7.0,8.0,9.0,12.0,80.0,40.0,,6.0,6.0,6.0,6.0,40.0,80.0,13.0,30.0,4.0,14.0,5.0,19.0,5.0,8.0,Unknown,,
SF11C47303112646684350,SF11E321650,26.766,-107.541,-7.0,,WF,20190522,,,,250854035.93187898,0.796236,0.939558,7.852983,180.43267,0.417805,0.131948,0.107186,1.896747,0.264683,198.94289970551753,109.37298630571725,,,70.05190446,,10.0,7.0,8.0,9.0,12.0,80.0,40.0,,6.0,6.0,6.0,6.0,40.0,80.0,13.0,30.0,4.0,14.0,6.0,20.0,5.0,8.0,Unknown,,
SF11C47303212646684350,SF11E320003,28.25,-108.135,-7.0,,WF,20190522,,,,1401279944.661348,3.184942,3.758232,31.411931,721.730679,1.67122,0.52779,0.428742,7.586988,1.058731,704.2042221656355,437.4919451604164,,,280.2076178,,10.0,7.0,8.0,9.0,12.0,80.0,40.0,,6.0,6.0,6.0,6.0,40.0,80.0,13.0,30.0,4.0,14.0,6.0,20.0,5.0,8.0,Unknown,,
SF11C47303312646684350,SF11E321048,25.633,-107.58,-7.0,,WF,20190522,,,,10297342476.625368,46.423116,54.779276,537.683772,6404.277262,26.335463,8.826549,4.068514,126.881635,7.427598,11136.806961640294,2419.309130865658,1732.2358303611932,,327.9977985,,10.0,7.0,8.0,9.0,12.0,80.0,40.0,,6.0,6.0,6.0,6.0,40.0,80.0,13.0,30.0,4.0,14.0,5.0,19.0,5.0,8.0,Unknown,,
SF11C47303412646684350,SF11E321689,30.495,-106.368,-7.0,,WF,20190522,,,,847788371.6132748,10.987931,12.965759,135.186311,1107.452532,6.429451,2.201648,0.746586,31.648692,0.963787,3987.3947174123705,179.92879584405264,581.8932945745545,,115.6156657,,10.0,7.0,8.0,9.0,12.0,80.0,40.0,,6.0,6.0,6.0,6.0,40.0,80.0,13.0,30.0,4.0,14.0,6.0,20.0,5.0,8.0,Unknown,,
SF11C47303512646684350,SF11E321642,26.789,-108.422,-7.0,,WF,20190522,,,,914565278.11002,9.354086,11.037822,113.302559,1034.664831,5.429309,1.848967,0.684261,26.578897,0.999182,3060.545205356222,241.53037394440858,456.6945719290727,,147.1290149,,10.0,7.0,8.0,9.0,12.0,80.0,40.0,,6.0,6.0,6.0,6.0,40.0,80.0,13.0,30.0,4.0,14.0,5.0,19.0,5.0,8.0,Unknown,,
SF11C47303612646684350,SF11E321723,28.544,-105.543,-7.0,,WF,20190522,,,,232234724.997926,3.625277,4.277827,44.566647,367.22666,2.120401,0.725888,0.247299,10.434643,0.321567,1293.939695561381,61.13558369734802,191.2103011640146,,38.53855522,,10.0,7.0,8.0,9.0,12.0,80.0,40.0,,6.0,6.0,6.0,6.0,40.0,80.0,13.0,30.0,4.0,14.0,6.0,20.0,5.0,8.0,Unknown,,
SF11C47303712646684350,SF11E321646,26.447,-106.571,-7.0,,WF,20190522,,,,,,,,,,,,,,1153.3773438654393,,,,77.07711044,,10.0,7.0,8.0,9.0,12.0,80.0,40.0,,6.0,6.0,6.0,6.0,40.0,80.0,13.0,30.0,4.0,14.0,6.0,20.0,5.0,8.0,Unknown,,
SF11C47303812646684350,SF11E320996,26.698,-107.748,-7.0,,WF,20190522,,,,253314943.37614593,3.603466,4.25209,44.525047,353.339084,2.113252,0.724738,0.239623,10.418105,0.29692,1451.4005297020606,49.53800557513265,194.97535460192495,,81.99944963,,10.0,7.0,8.0,9.0,12.0,80.0,40.0,,6.0,6.0,6.0,6.0,40.0,80.0,13.0,30.0,4.0,14.0,6.0,20.0,5.0,8.0,Unknown,,
SF11C47303912646684350,SF11E318154,27.88,-107.333,-7.0,,WF,20190522,,,,,,,,,,,,,,105.46680824584249,,,,140.1038089,,10.0,7.0,8.0,9.0,12.0,80.0,40.0,,6.0,6.0,6.0,6.0,40.0,80.0,13.0,30.0,4.0,14.0,6.0,20.0,5.0,8.0,Unknown,,
SF11C47304012646684350,SF11E321004,25.384,-107.247,-7.0,,WF,20190522,,,,3088641807.130019,22.880721,26.999251,269.442138,2928.006209,13.089761,4.413307,1.884188,63.441286,3.216474,5736.649053939749,972.6955708308257,949.9458239187189,,163.9988993,,10.0,7.0,8.0,9.0,12.0,80.0,40.0,,6.0,6.0,6.0,6.0,40.0,80.0,13.0,30.0,4.0,14.0,5.0,19.0,5.0,8.0,Unknown,,
SF11C47304112646684350,SF11E321679,25.351,-107.773,-7.0,,WF,20190522,,,,242181071.138228,0.841965,0.993519,8.529344,179.177841,0.447379,0.142726,0.107186,2.05168,0.257289,223.86462835297306,104.48317374390388,4.889812561813374,,70.05190446,,10.0,7.0,8.0,9.0,12.0,80.0,40.0,,6.0,6.0,6.0,6.0,40.0,80.0,13.0,30.0,4.0,14.0,5.0,19.0,5.0,8.0,Unknown,,
SF11C47304212646684350,SF11E318282,25.463,-107.414,-7.0,,WF,20190522,,,,250854035.93187898,0.796236,0.939558,7.852983,180.43267,0.417805,0.131948,0.107186,1.896747,0.264683,208.90802871692958,109.37298630571725,,,70.05190446,,10.0,7.0,8.0,9.0,12.0,80.0,40.0,,6.0,6.0,6.0,6.0,40.0,80.0,13.0,30.0,4.0,14.0,5.0,19.0,5.0,8.0,Unknown,,
SF11C47304312646684350,SF11E321729,26.206,-108.508,-7.0,,WF,20190522,,,,246385570.084333,0.819729,0.96728,8.200456,179.787891,0.432998,0.137485,0.107185,1.976342,0.260884,221.31717522571046,106.86084059923677,2.5121457064804744,,70.05190446,,10.0,7.0,8.0,9.0,12.0,80.0,40.0,,6.0,6.0,6.0,6.0,40.0,80.0,13.0,30.0,4.0,14.0,5.0,19.0,5.0,8.0,Unknown,,
SF11C47304412646684350,SF11E321710,25.93,-108.877,-7.0,,WF,20190522,,,,5213112.333544999,0.108606,0.128155,1.149028,20.595213,0.058916,0.019104,0.012492,0.274613,0.028293,27.442783127658817,11.056961956864649,1.6901665747191073,,8.164361788,,10.0,7.0,8.0,9.0,12.0,80.0,40.0,,6.0,6.0,6.0,6.0,40.0,80.0,13.0,30.0,4.0,14.0,5.0,19.0,5.0,8.0,Unknown,,
SF11C47304512646684350,SF11E320618,53.719,-101.407,-6.0,,WF,20190522,,,,28681509.013088997,0.206439,0.243598,2.03603,46.78049,0.108324,0.03421,0.02779,0.491767,0.068624,38.13388839824104,28.35695965249386,,,18.1622455,,10.0,7.0,8.0,9.0,12.0,80.0,40.0,,6.0,6.0,6.0,6.0,40.0,80.0,13.0,30.0,4.0,14.0,5.0,21.0,5.0,8.0,MB,,
SF11C47304612646684350,SF11E321667,51.832,-102.946,-6.0,,WF,20190522,,,,13486157.167714,0.141558,0.167038,1.396135,32.078051,0.074279,0.023458,0.019056,0.337211,0.047056,31.528420539942644,19.444772333138644,,,12.4541112,,10.0,7.0,8.0,9.0,12.0,80.0,40.0,,6.0,6.0,6.0,6.0,40.0,80.0,13.0,30.0,4.0,14.0,5.0,21.0,5.0,8.0,SK,,
SF11C47304712646684350,SF11E321630,25.279,-106.887,-7.0,,WF,20190522,,,,3024270012.6821275,21.674923,25.576409,254.31858,2821.34547,12.377064,4.167606,1.810138,59.909333,3.139629,5368.451147656015,967.2487962555635,879.8311514624868,,163.9988993,,10.0,7.0,8.0,9.0,12.0,80.0,40.0,,6.0,6.0,6.0,6.0,40.0,80.0,13.0,30.0,4.0,14.0,6.0,20.0,5.0,8.0,Unknown,,
SF11C47304812646684350,SF11E321688,26.0,-99.641,-6.0,,WF,20190522,,,,,,,,,,,,,,111.97180346902739,,,,4.788902284,,10.0,7.0,8.0,9.0,12.0,80.0,40.0,,6.0,6.0,6.0,6.0,40.0,80.0,13.0,30.0,4.0,14.0,6.0,19.0,5.0,8.0,Unknown,,
SF11C47304912646684350,SF11E321691,26.901,-107.677,-7.0,,WF,20190522,,,,250854035.93187898,0.796236,0.939558,7.852983,180.43267,0.417805,0.131948,0.107186,1.896747,0.264683,202.86626498509602,109.37298630571725,,,70.05190446,,10.0,7.0,8.0,9.0,12.0,80.0,40.0,,6.0,6.0,6.0,6.0,40.0,80.0,13.0,30.0,4.0,14.0,6.0,20.0,5.0,8.0,Unknown,,
SF11C47305012646684350,SF11E321087,27.589,-107.965,-7.0,,WF,20190522,,,,250854035.93187898,0.796236,0.939558,7.852983,180.43267,0.417805,0.131948,0.107186,1.896747,0.264683,189.53401041596825,109.37298630571725,,,70.05190446,,10.0,7.0,8.0,9.0,12.0,80.0,40.0,,6.0,6.0,6.0,6.0,40.0,80.0,13.0,30.0,4.0,14.0,6.0,20.0,5.0,8.0,Unknown,,
SF11C47305112646684350,SF11E320025,27.671,-108.263,-7.0,,WF,20190522,,,,250854035.93187898,0.796236,0.939558,7.852983,180.43267,0.417805,0.131948,0.107186,1.896747,0.264683,179.50419512571835,109.37298630571725,,,70.05190446,,10.0,7.0,8.0,9.0,12.0,80.0,40.0,,6.0,6.0,6.0,6.0,40.0,80.0,13.0,30.0,4.0,14.0,6.0,20.0,5.0,8.0,Unknown,,
SF11C47305212646684350,SF11E321670,26.685,-108.444,-7.0,,WF,20190522,,,,1397259.762576,0.04917,0.058021,0.498601,10.438446,0.026139,0.008342,0.006246,0.119917,0.014976,13.057830683680429,6.077304359425566,0.29625990636631255,,4.082180894,,10.0,7.0,8.0,9.0,12.0,80.0,40.0,,6.0,6.0,6.0,6.0,40.0,80.0,13.0,30.0,4.0,14.0,5.0,19.0,5.0,8.0,Unknown,,
SF11C47305312646684350,SF11E320087,26.398,-107.082,-7.0,,WF,20190522,,,,,,,,,,,,,,1162.2131149716424,,,,81.99944963,,10.0,7.0,8.0,9.0,12.0,80.0,40.0,,6.0,6.0,6.0,6.0,40.0,80.0,13.0,30.0,4.0,14.0,6.0,20.0,5.0,8.0,Unknown,,
SF11C47305412646684350,SF11E321645,26.619,-107.096,-7.0,,WF,20190522,,,,,,,,,,,,,,60.818255263350245,,,,70.05190446,,10.0,7.0,8.0,9.0,12.0,80.0,40.0,,6.0,6.0,6.0,6.0,40.0,80.0,13.0,30.0,4.0,14.0,6.0,20.0,5.0,8.0,Unknown,,
SF11C47305512646684350,SF11E321181,33.004,-110.771,-7.0,,WF,20190522,,,,29097726.417525996,0.626904,0.739746,7.904308,53.316432,0.371563,0.12833,0.037367,1.844751,0.035796,1910.2569964997392,0.776570655785056,37.352675487750275,,70.47692572,,10.0,7.0,8.0,9.0,12.0,80.0,40.0,,6.0,6.0,6.0,6.0,40.0,80.0,13.0,30.0,4.0,14.0,5.0,19.0,5.0,8.0,AZ,,
SF11C47305612646684350,SF11E321707,37.52,-103.183,-6.0,,WF,20190522,,,,1502818642.3946998,4.694242,5.539205,46.297605,1063.748722,2.463187,0.777903,0.631917,11.182355,1.560449,734.0882199175379,644.8134446727088,,,78.22367941,,10.0,7.0,8.0,9.0,12.0,80.0,40.0,,6.0,6.0,6.0,6.0,40.0,80.0,13.0,30.0,4.0,14.0,5.0,19.0,5.0,8.0,CO,,
SF11C47305712646684350,SF11E321731,51.479,-104.269,-6.0,,WF,20190522,,,,13486157.167714,0.141558,0.167038,1.396135,32.078051,0.074279,0.023458,0.019056,0.337211,0.047056,32.15463479669102,19.444772333138644,,,12.4541112,,10.0,7.0,8.0,9.0,12.0,80.0,40.0,,6.0,6.0,6.0,6.0,40.0,80.0,13.0,30.0,4.0,14.0,5.0,21.0,5.0,8.0,SK,,
SF11C47305812646684350,SF11E316757,58.491,-117.619,-7.0,,WF,20190522,,,,1830331953.465751,12.627973,14.901008,147.283277,1689.343799,7.189072,2.415517,1.078766,34.723051,1.917871,3267.5658030569703,607.3818078213845,493.4001951989199,,152.0414699,,10.0,7.0,8.0,9.0,12.0,80.0,40.0,,6.0,6.0,6.0,6.0,40.0,80.0,13.0,30.0,4.0,14.0,4.0,21.0,5.0,8.0,AB,,
SF11C47305912646684120,SF11E320576,27.49,-107.43,-7.0,,WF,20190523,,,,,,,,,,,,,,60.17639207939269,,,,70.05190446,,10.0,7.0,8.0,9.0,12.0,80.0,40.0,,6.0,6.0,6.0,6.0,40.0,80.0,13.0,30.0,4.0,14.0,6.0,20.0,5.0,8.0,Unknown,,
SF11C47306012646684120,SF11E316757,58.565,-117.51,-7.0,,WF,20190523,,,,2073632683.3804698,10.595208,12.502346,118.534533,1677.242011,5.907063,1.955114,1.042797,28.104766,2.114501,2643.1634306986616,759.4688556489409,304.610127328441,,152.0414699,,10.0,7.0,8.0,9.0,12.0,80.0,40.0,,6.0,6.0,6.0,6.0,40.0,80.0,13.0,30.0,4.0,14.0,4.0,21.0,5.0,8.0,AB,,
SF11C47306112646684120,SF11E316757,58.615,-117.68,-7.0,,WF,20190523,,,,7679894692.818664,21.671428,25.572285,213.737431,4910.900288,11.371546,3.591265,2.917308,51.624436,7.203964,4755.01279223629,2976.8444155031298,,,177.9702375,,10.0,7.0,8.0,9.0,12.0,80.0,40.0,,6.0,6.0,6.0,6.0,40.0,80.0,13.0,30.0,4.0,14.0,4.0,21.0,5.0,8.0,AB,,
SF11C47306212646684120,SF11E316757,58.24,-117.335,-7.0,,WF,20190523,,,,1117847709.926661,9.051256,10.680482,107.388426,1116.962254,5.197941,1.757214,0.723465,25.259952,1.192041,2317.625435394387,345.0582717746362,393.17168763721463,,149.4839292,,10.0,7.0,8.0,9.0,12.0,80.0,40.0,,6.0,6.0,6.0,6.0,40.0,80.0,13.0,30.0,4.0,14.0,4.0,21.0,5.0,8.0,AB,,
